Customer_ID,final_churn_probability,Risk_Level,Primary_Reason
CID01495,0.7713479,High Risk,Win_Rate
CID00022,0.69033694,Medium Risk,Avg_Trade_Return
CID01408,0.6747926,Medium Risk,Win_Rate
CID01069,0.66633344,Medium Risk,Win_Rate
CID01726,0.64939034,Medium Risk,Win_Rate
CID01272,0.6447087,Medium Risk,Win_Rate
CID00227,0.6416067,Medium Risk,Win_Rate
CID01427,0.63684267,Medium Risk,Account_Age
CID01630,0.6261767,Medium Risk,Win_Rate
CID00188,0.6226439,Medium Risk,Push_Click_Rate
CID00805,0.61950034,Medium Risk,Win_Rate
CID01117,0.617821,Medium Risk,Avg_Trade_Return
CID00312,0.6127702,Medium Risk,Win_Rate
CID00610,0.60955954,Medium Risk,Win_Rate
CID01219,0.60600656,Medium Risk,Avg_Trade_Return
CID01708,0.5972925,Medium Risk,Win_Rate
CID00166,0.59588253,Medium Risk,Win_Rate
CID00874,0.59313035,Medium Risk,Win_Rate
CID01530,0.5922846,Medium Risk,Avg_Trade_Return
CID01709,0.58487564,Medium Risk,Win_Rate
CID01478,0.58077776,Medium Risk,Win_Rate
CID01701,0.57709736,Medium Risk,Win_Rate
CID00885,0.5751602,Medium Risk,Avg_Trade_Return
CID01619,0.5736721,Medium Risk,Win_Rate
CID00311,0.5705625,Medium Risk,Account_Age
CID01881,0.5704609,Medium Risk,Drawdown
CID00761,0.5689089,Medium Risk,Avg_Trade_Return
CID00479,0.56394887,Medium Risk,Avg_Trade_Return
CID01670,0.5603626,Medium Risk,Win_Rate
CID00275,0.5570083,Medium Risk,Win_Rate
CID01733,0.555951,Medium Risk,Win_Rate
CID00012,0.555486,Medium Risk,Win_Rate
CID01321,0.5521975,Medium Risk,Drawdown
CID00869,0.54958594,Medium Risk,Push_Click_Rate
CID00265,0.54560953,Medium Risk,Avg_Trade_Return
CID00034,0.5432429,Medium Risk,Win_Rate
CID00231,0.54266375,Medium Risk,Avg_Trade_Return
CID01985,0.5343116,Medium Risk,Win_Rate
CID01696,0.53081584,Medium Risk,Email_Open_Rate
CID00701,0.5297033,Medium Risk,Win_Rate
CID01947,0.5287832,Medium Risk,Avg_Trade_Return
CID01000,0.52811784,Medium Risk,Avg_Trade_Return
CID01176,0.5199386,Medium Risk,Win_Rate
CID01999,0.5198774,Medium Risk,Drawdown
CID00896,0.5177338,Medium Risk,Win_Rate
CID01016,0.5107885,Medium Risk,Account_Age
CID00990,0.5097218,Medium Risk,Avg_Trade_Return
CID00957,0.504866,Medium Risk,Push_Click_Rate
CID01579,0.5044503,Medium Risk,Win_Rate
CID00488,0.50305885,Medium Risk,Avg_Trade_Return
CID00360,0.49765393,Medium Risk,Push_Click_Rate
CID01294,0.49600023,Medium Risk,Win_Rate
CID00419,0.49598494,Medium Risk,Push_Click_Rate
CID01725,0.49175778,Medium Risk,Win_Rate
CID00867,0.48688918,Medium Risk,Win_Rate
CID01759,0.48607254,Medium Risk,Win_Rate
CID00201,0.485886,Medium Risk,Account_Age
CID00085,0.48459876,Medium Risk,Win_Rate
CID00096,0.4845739,Medium Risk,Win_Rate
CID00987,0.47454318,Medium Risk,Win_Rate
CID01123,0.47440353,Medium Risk,Account_Age
CID01773,0.47272196,Medium Risk,Avg_Trade_Return
CID01863,0.47007084,Medium Risk,Avg_Trade_Return
CID01592,0.46967554,Medium Risk,Win_Rate
CID00981,0.46948764,Medium Risk,Win_Rate
CID01558,0.46914977,Medium Risk,Account_Age
CID01001,0.45687136,Medium Risk,Win_Rate
CID00958,0.452767,Medium Risk,Win_Rate
CID00330,0.45211327,Medium Risk,Win_Rate
CID00604,0.45210537,Medium Risk,Account_Age
CID00700,0.45100227,Medium Risk,Engagement_Score
CID01273,0.45021,Medium Risk,Drawdown
CID00403,0.4490257,Medium Risk,Push_Click_Rate
CID00557,0.44890082,Medium Risk,Push_Click_Rate
CID01694,0.4483929,Medium Risk,Avg_Trade_Return
CID00567,0.44600138,Medium Risk,Win_Rate
CID01751,0.44585022,Medium Risk,Email_Open_Rate
CID00946,0.44437286,Medium Risk,Avg_Trade_Return
CID01717,0.44410166,Medium Risk,Win_Rate
CID00138,0.4435231,Medium Risk,PnL_Percent
CID00580,0.4370895,Medium Risk,Avg_Trade_Return
CID01191,0.43613407,Medium Risk,Avg_Trade_Return
CID00247,0.4315012,Medium Risk,Avg_Trade_Return
CID01347,0.43054894,Medium Risk,Drawdown
CID01969,0.42924857,Medium Risk,Drawdown
CID01885,0.4276957,Medium Risk,Win_Rate
CID00445,0.42675826,Medium Risk,Win_Rate
CID00952,0.42637774,Medium Risk,Email_Open_Rate
CID00210,0.4259795,Medium Risk,Win_Rate
CID00167,0.4250417,Medium Risk,Push_Click_Rate
CID00684,0.42442107,Medium Risk,Win_Rate
CID01634,0.4220742,Medium Risk,Email_Open_Rate
CID01712,0.42053446,Medium Risk,Win_Rate
CID00537,0.4203631,Medium Risk,Win_Rate
CID01849,0.4192617,Medium Risk,Account_Age
CID01303,0.41643167,Medium Risk,Account_Age
CID01484,0.41252086,Medium Risk,Win_Rate
CID01697,0.41164246,Medium Risk,Avg_Trade_Return
CID00164,0.41151717,Medium Risk,Account_Age
CID00517,0.41080216,Medium Risk,Win_Rate
CID00235,0.41067925,Medium Risk,Win_Rate
CID01617,0.40936652,Medium Risk,Email_Open_Rate
CID01762,0.4078458,Medium Risk,Account_Age
CID01061,0.40761447,Medium Risk,Win_Rate
CID00611,0.40608278,Medium Risk,Avg_Trade_Return
CID00785,0.402817,Medium Risk,Account_Age
CID00754,0.4014684,Medium Risk,Avg_Trade_Return
CID01542,0.39996347,Low Risk,Avg_Trade_Return
CID01735,0.3976535,Low Risk,Avg_Trade_Return
CID01820,0.3941065,Low Risk,Avg_Trade_Return
CID00208,0.39323398,Low Risk,Login_Drop_Percent
CID01901,0.39211854,Low Risk,Win_Rate
CID00322,0.39115775,Low Risk,Push_Click_Rate
CID00250,0.39023358,Low Risk,Account_Age
CID01193,0.38894397,Low Risk,Win_Rate
CID00636,0.3866557,Low Risk,Win_Rate
CID00715,0.38633284,Low Risk,Push_Click_Rate
CID00251,0.3853393,Low Risk,Avg_Trade_Return
CID00904,0.38533163,Low Risk,Win_Rate
CID00218,0.38517147,Low Risk,Engagement_Score
CID00664,0.3840949,Low Risk,Account_Age
CID01540,0.38310212,Low Risk,Email_Open_Rate
CID01277,0.38192704,Low Risk,Avg_Trade_Return
CID01890,0.3814374,Low Risk,Trades_30D
CID01287,0.38139728,Low Risk,Win_Rate
CID00898,0.38139427,Low Risk,Avg_Trade_Return
CID01239,0.38036716,Low Risk,Win_Rate
CID00570,0.37951925,Low Risk,PnL_Percent
CID00507,0.3793396,Low Risk,Push_Click_Rate
CID01378,0.3787767,Low Risk,Win_Rate
CID01214,0.37823153,Low Risk,Avg_Trade_Return
CID01976,0.37706387,Low Risk,Push_Click_Rate
CID01779,0.37676316,Low Risk,PnL_Percent
CID00926,0.37594843,Low Risk,Avg_Trade_Return
CID00342,0.3747881,Low Risk,Avg_Trade_Return
CID01162,0.374653,Low Risk,Push_Click_Rate
CID01640,0.37462354,Low Risk,Push_Click_Rate
CID01584,0.37388614,Low Risk,Win_Rate
CID01799,0.3735049,Low Risk,Push_Click_Rate
CID01747,0.37296006,Low Risk,Win_Rate
CID01361,0.3723836,Low Risk,Account_Age
CID01866,0.3722915,Low Risk,Avg_Trade_Return
CID00100,0.37204963,Low Risk,Avg_Trade_Return
CID00831,0.3712274,Low Risk,Avg_Trade_Return
CID01742,0.3662436,Low Risk,Account_Age
CID00446,0.36594287,Low Risk,Win_Rate
CID01753,0.36540243,Low Risk,Trades_30D
CID01039,0.36480927,Low Risk,Win_Rate
CID01018,0.3641473,Low Risk,Push_Click_Rate
CID00726,0.36399093,Low Risk,Win_Rate
CID01655,0.3639516,Low Risk,Win_Rate
CID00970,0.36361754,Low Risk,Push_Click_Rate
CID00467,0.3622759,Low Risk,Account_Age
CID01328,0.3610145,Low Risk,Avg_Trade_Return
CID00717,0.36027825,Low Risk,Win_Rate
CID01264,0.3601328,Low Risk,Win_Rate
CID01907,0.36004293,Low Risk,Avg_Trade_Return
CID01826,0.35953847,Low Risk,Push_Click_Rate
CID01764,0.35780224,Low Risk,Win_Rate
CID00943,0.35594463,Low Risk,Email_Open_Rate
CID01851,0.35382053,Low Risk,Deposits
CID00503,0.3537281,Low Risk,Win_Rate
CID01870,0.35277164,Low Risk,Email_Open_Rate
CID00789,0.35069963,Low Risk,Win_Rate
CID01015,0.3503395,Low Risk,Avg_Trade_Return
CID01029,0.3500945,Low Risk,Win_Rate
CID00868,0.34985304,Low Risk,Account_Age
CID00326,0.3488641,Low Risk,Avg_Trade_Return
CID00099,0.34798563,Low Risk,Push_Click_Rate
CID00102,0.34758338,Low Risk,Avg_Trade_Return
CID00696,0.34724724,Low Risk,Drawdown
CID01337,0.3469425,Low Risk,PnL_Percent
CID01731,0.34567425,Low Risk,Account_Age
CID01877,0.3450094,Low Risk,Win_Rate
CID01889,0.344301,Low Risk,Win_Rate
CID00437,0.34240964,Low Risk,Avg_Trade_Return
CID00088,0.34193403,Low Risk,Win_Rate
CID00702,0.34166756,Low Risk,Win_Rate
CID00843,0.34142667,Low Risk,Drawdown
CID00073,0.34125116,Low Risk,Win_Rate
CID01906,0.3412375,Low Risk,Win_Rate
CID01651,0.34051782,Low Risk,Avg_Trade_Return
CID01355,0.34025767,Low Risk,Win_Rate
CID00005,0.3385829,Low Risk,Email_Open_Rate
CID00498,0.33828536,Low Risk,Win_Rate
CID01333,0.33814758,Low Risk,PnL_Percent
CID01685,0.33757937,Low Risk,Push_Click_Rate
CID01770,0.33478332,Low Risk,Win_Rate
CID00738,0.3342043,Low Risk,Avg_Trade_Return
CID00318,0.33410275,Low Risk,Avg_Trade_Return
CID00547,0.3332371,Low Risk,Avg_Trade_Return
CID01438,0.3327382,Low Risk,Win_Rate
CID01052,0.33115372,Low Risk,PnL_Percent
CID00400,0.33100274,Low Risk,Avg_Trade_Return
CID00848,0.33063138,Low Risk,Email_Open_Rate
CID00857,0.33050713,Low Risk,Push_Click_Rate
CID01140,0.32948577,Low Risk,Win_Rate
CID00597,0.32942054,Low Risk,Avg_Trade_Return
CID01260,0.32870048,Low Risk,Avg_Trade_Return
CID01977,0.32751444,Low Risk,PnL_Percent
CID00354,0.32728377,Low Risk,PnL_Percent
CID00426,0.32544047,Low Risk,Push_Click_Rate
CID01180,0.32542267,Low Risk,Win_Rate
CID01331,0.3253136,Low Risk,Win_Rate
CID00719,0.32481575,Low Risk,PnL_Percent
CID00999,0.3247711,Low Risk,Win_Rate
CID01596,0.32471547,Low Risk,Win_Rate
CID00292,0.32424286,Low Risk,PnL_Percent
CID00681,0.32387725,Low Risk,Avg_Trade_Return
CID00729,0.3238638,Low Risk,Avg_Trade_Return
CID01664,0.3237486,Low Risk,Win_Rate
CID00282,0.3230554,Low Risk,Win_Rate
CID01959,0.32288447,Low Risk,Avg_Trade_Return
CID00478,0.3220767,Low Risk,Account_Age
CID00412,0.32187292,Low Risk,Win_Rate
CID01574,0.32037118,Low Risk,Push_Click_Rate
CID01723,0.32036468,Low Risk,Account_Age
CID01351,0.32005328,Low Risk,Account_Age
CID00618,0.31998196,Low Risk,Avg_Trade_Return
CID01299,0.3181296,Low Risk,Engagement_Score
CID01304,0.3180764,Low Risk,Avg_Trade_Return
CID00969,0.31756383,Low Risk,Withdrawal_Ratio
CID00709,0.317363,Low Risk,Win_Rate
CID00214,0.3154428,Low Risk,Engagement_Score
CID01995,0.31470403,Low Risk,Win_Rate
CID01455,0.31410602,Low Risk,PnL_Percent
CID00993,0.3139726,Low Risk,Push_Click_Rate
CID01089,0.3139043,Low Risk,Avg_Trade_Return
CID01913,0.31181195,Low Risk,Win_Rate
CID00919,0.31157207,Low Risk,Avg_Trade_Return
CID01011,0.31131807,Low Risk,Win_Rate
CID01636,0.31052947,Low Risk,Email_Open_Rate
CID00546,0.30994332,Low Risk,PnL_Percent
CID00325,0.30906704,Low Risk,Win_Rate
CID01113,0.30896658,Low Risk,Avg_Trade_Return
CID00118,0.3084085,Low Risk,Win_Rate
CID00584,0.30808794,Low Risk,Win_Rate
CID00563,0.30764177,Low Risk,Account_Age
CID00753,0.30748785,Low Risk,Email_Open_Rate
CID00213,0.30645567,Low Risk,Win_Rate
CID00703,0.30627158,Low Risk,PnL_Percent
CID00742,0.30620992,Low Risk,Win_Rate
CID00140,0.30616105,Low Risk,Email_Open_Rate
CID00828,0.30602857,Low Risk,Avg_Trade_Return
CID01119,0.3051796,Low Risk,Account_Age
CID01186,0.3030546,Low Risk,Win_Rate
CID00255,0.3023553,Low Risk,Win_Rate
CID00762,0.30218107,Low Risk,Avg_Trade_Return
CID01525,0.30140498,Low Risk,Drawdown
CID00593,0.30119294,Low Risk,PnL_Percent
CID00705,0.2993311,Low Risk,Avg_Trade_Return
CID00737,0.29847017,Low Risk,Win_Rate
CID01387,0.2969966,Low Risk,Account_Age
CID00232,0.29612684,Low Risk,Avg_Trade_Return
CID01124,0.29599756,Low Risk,Win_Rate
CID00649,0.29559308,Low Risk,Win_Rate
CID00158,0.29555127,Low Risk,PnL_Percent
CID00551,0.29447362,Low Risk,PnL_Percent
CID01075,0.29375023,Low Risk,Win_Rate
CID01289,0.29355296,Low Risk,PnL_Percent
CID00090,0.29308856,Low Risk,Account_Age
CID01879,0.29282966,Low Risk,Login_Drop_Percent
CID00409,0.2927205,Low Risk,Email_Open_Rate
CID01505,0.29262358,Low Risk,Win_Rate
CID01179,0.29250762,Low Risk,Account_Age
CID01204,0.29147133,Low Risk,PnL_Percent
CID01909,0.29125446,Low Risk,Win_Rate
CID01150,0.29098994,Low Risk,Win_Rate
CID01284,0.29095584,Low Risk,Win_Rate
CID01657,0.290176,Low Risk,Win_Rate
CID00153,0.2897784,Low Risk,Win_Rate
CID01749,0.28853557,Low Risk,Email_Open_Rate
CID00872,0.28812855,Low Risk,Win_Rate
CID01433,0.2881087,Low Risk,Engagement_Score
CID00272,0.28806138,Low Risk,Win_Rate
CID01022,0.2879247,Low Risk,Avg_Trade_Return
CID01538,0.2873493,Low Risk,Account_Age
CID01282,0.2865561,Low Risk,Push_Click_Rate
CID00176,0.28634098,Low Risk,Win_Rate
CID01464,0.28624994,Low Risk,Trades_30D
CID01136,0.2861628,Low Risk,Win_Rate
CID01461,0.28528887,Low Risk,Push_Click_Rate
CID01934,0.2850375,Low Risk,Trades_30D
CID01203,0.28472692,Low Risk,Deposits
CID01006,0.28457168,Low Risk,Win_Rate
CID00149,0.2842896,Low Risk,PnL_Percent
CID01729,0.28420964,Low Risk,Win_Rate
CID01057,0.28395483,Low Risk,Avg_Trade_Return
CID00135,0.2832625,Low Risk,Win_Rate
CID01407,0.28324944,Low Risk,Avg_Trade_Return
CID01353,0.28313458,Low Risk,Engagement_Score
CID01441,0.28279424,Low Risk,Account_Age
CID01142,0.28221166,Low Risk,Win_Rate
CID00544,0.2819802,Low Risk,Win_Rate
CID01078,0.28193682,Low Risk,Push_Click_Rate
CID00163,0.2816015,Low Risk,Avg_Trade_Return
CID00418,0.28096798,Low Risk,Engagement_Score
CID00663,0.28034356,Low Risk,Win_Rate
CID01510,0.27955326,Low Risk,Win_Rate
CID01090,0.2791901,Low Risk,Win_Rate
CID00883,0.2790088,Low Risk,Win_Rate
CID01814,0.27811846,Low Risk,Win_Rate
CID01458,0.27804157,Low Risk,Account_Age
CID00190,0.27755538,Low Risk,Win_Rate
CID00863,0.2773757,Low Risk,Push_Click_Rate
CID01285,0.2769501,Low Risk,Push_Click_Rate
CID01402,0.27646133,Low Risk,Account_Age
CID00850,0.27634564,Low Risk,Push_Click_Rate
CID00739,0.27606112,Low Risk,Account_Age
CID01938,0.27575088,Low Risk,Avg_Trade_Return
CID01888,0.2743708,Low Risk,Avg_Trade_Return
CID01492,0.27378637,Low Risk,Push_Click_Rate
CID01565,0.27368128,Low Risk,Drawdown
CID01211,0.27284613,Low Risk,Win_Rate
CID01865,0.27267268,Low Risk,Win_Rate
CID01262,0.27194792,Low Risk,Deposits
CID00690,0.27187207,Low Risk,Win_Rate
CID00799,0.27143767,Low Risk,Win_Rate
CID01943,0.27127445,Low Risk,Email_Open_Rate
CID00743,0.27102867,Low Risk,Account_Age
CID00545,0.2710123,Low Risk,Win_Rate
CID00482,0.2704256,Low Risk,Win_Rate
CID01202,0.2700874,Low Risk,Win_Rate
CID00536,0.26999187,Low Risk,Avg_Trade_Return
CID00950,0.26992887,Low Risk,Avg_Trade_Return
CID01286,0.26985723,Low Risk,Win_Rate
CID01491,0.26907343,Low Risk,Win_Rate
CID01580,0.26830614,Low Risk,Win_Rate
CID01473,0.26789042,Low Risk,Avg_Trade_Return
CID00019,0.26785383,Low Risk,Win_Rate
CID00301,0.26754144,Low Risk,Account_Age
CID00810,0.26659638,Low Risk,Win_Rate
CID01419,0.26659018,Low Risk,Avg_Trade_Return
CID01429,0.26623613,Low Risk,Account_Age
CID01522,0.26546195,Low Risk,Account_Age
CID01107,0.2641714,Low Risk,Win_Rate
CID00211,0.26402393,Low Risk,Drawdown
CID00678,0.2637637,Low Risk,Win_Rate
CID00900,0.26351485,Low Risk,Win_Rate
CID00061,0.2634317,Low Risk,Win_Rate
CID00687,0.26342735,Low Risk,Engagement_Score
CID01005,0.26342413,Low Risk,PnL_Percent
CID01170,0.26337412,Low Risk,Win_Rate
CID01266,0.26336524,Low Risk,Avg_Trade_Return
CID00675,0.26328686,Low Risk,Win_Rate
CID01891,0.26267615,Low Risk,Win_Rate
CID01174,0.26255077,Low Risk,Win_Rate
CID01196,0.26251486,Low Risk,Win_Rate
CID00195,0.2619696,Low Risk,Win_Rate
CID00632,0.2610442,Low Risk,Win_Rate
CID01638,0.26093388,Low Risk,Avg_Trade_Return
CID00473,0.26077336,Low Risk,Avg_Trade_Return
CID00692,0.26049918,Low Risk,Avg_Trade_Return
CID01706,0.2603427,Low Risk,Drawdown
CID00671,0.25999767,Low Risk,Account_Age
CID01485,0.25978673,Low Risk,Win_Rate
CID00080,0.25896242,Low Risk,Avg_Trade_Return
CID01038,0.2588887,Low Risk,Account_Age
CID01466,0.25878692,Low Risk,Account_Age
CID00713,0.25846064,Low Risk,Avg_Trade_Return
CID00569,0.25837383,Low Risk,Win_Rate
CID00259,0.2580675,Low Risk,Email_Open_Rate
CID00004,0.25756484,Low Risk,Email_Open_Rate
CID00496,0.2574536,Low Risk,Avg_Trade_Return
CID00504,0.2573898,Low Risk,Account_Age
CID00790,0.25591093,Low Risk,Engagement_Score
CID01115,0.25570413,Low Risk,Win_Rate
CID00388,0.25538948,Low Risk,Push_Click_Rate
CID01966,0.25505003,Low Risk,Avg_Trade_Return
CID01732,0.25503176,Low Risk,Avg_Trade_Return
CID00980,0.25483707,Low Risk,Push_Click_Rate
CID00954,0.25470835,Low Risk,Avg_Trade_Return
CID00806,0.25409025,Low Risk,Win_Rate
CID01653,0.25358665,Low Risk,Email_Open_Rate
CID00861,0.25333196,Low Risk,Account_Age
CID00366,0.25300592,Low Risk,Trades_30D
CID01935,0.25270367,Low Risk,Account_Age
CID00487,0.25218135,Low Risk,Win_Rate
CID00933,0.2518098,Low Risk,Trades_30D
CID00014,0.2514018,Low Risk,Win_Rate
CID00358,0.25108272,Low Risk,Win_Rate
CID00422,0.2510594,Low Risk,Avg_Trade_Return
CID01377,0.25092527,Low Risk,Avg_Trade_Return
CID01567,0.25050446,Low Risk,Win_Rate
CID01134,0.25042164,Low Risk,Account_Age
CID01077,0.25024155,Low Risk,Win_Rate
CID00405,0.2495265,Low Risk,Avg_Trade_Return
CID01521,0.24815647,Low Risk,Win_Rate
CID00985,0.24774887,Low Risk,Withdrawal_Ratio
CID00994,0.24756125,Low Risk,Email_Open_Rate
CID01274,0.24750389,Low Risk,Win_Rate
CID00641,0.24678735,Low Risk,Avg_Trade_Return
CID01828,0.24673964,Low Risk,PnL_Percent
CID00767,0.24660476,Low Risk,Email_Open_Rate
CID01873,0.24608748,Low Risk,Email_Open_Rate
CID01783,0.24537782,Low Risk,Avg_Trade_Return
CID00832,0.2452929,Low Risk,Account_Age
CID00297,0.24502634,Low Risk,Account_Age
CID01763,0.24435712,Low Risk,Avg_Trade_Return
CID00209,0.24378105,Low Risk,Account_Age
CID01298,0.24367666,Low Risk,Avg_Trade_Return
CID01488,0.24331278,Low Risk,Win_Rate
CID01503,0.24329683,Low Risk,Trades_30D
CID01622,0.24300791,Low Risk,Engagement_Score
CID01453,0.24271795,Low Risk,Avg_Trade_Return
CID00876,0.24264608,Low Risk,Win_Rate
CID00814,0.2425817,Low Risk,Account_Age
CID01238,0.2425563,Low Risk,Win_Rate
CID00928,0.24194208,Low Risk,Engagement_Score
CID01591,0.2417398,Low Risk,Win_Rate
CID00948,0.24132518,Low Risk,Win_Rate
CID01380,0.24126682,Low Risk,Avg_Trade_Return
CID00410,0.24087349,Low Risk,Win_Rate
CID00945,0.2406903,Low Risk,Email_Open_Rate
CID01683,0.24050458,Low Risk,Account_Age
CID01081,0.24048717,Low Risk,PnL_Percent
CID01789,0.2397446,Low Risk,Win_Rate
CID00825,0.23972508,Low Risk,Withdrawal_Ratio
CID01774,0.23970832,Low Risk,Avg_Trade_Return
CID01517,0.23966192,Low Risk,Trades_30D
CID00963,0.23958273,Low Risk,Win_Rate
CID01462,0.2395424,Low Risk,Win_Rate
CID01319,0.2394721,Low Risk,Account_Age
CID00010,0.23927207,Low Risk,Win_Rate
CID01573,0.239098,Low Risk,Avg_Trade_Return
CID01032,0.238902,Low Risk,Account_Age
CID01979,0.23878327,Low Risk,Win_Rate
CID01811,0.23837045,Low Risk,Email_Open_Rate
CID01161,0.23807898,Low Risk,Avg_Trade_Return
CID00154,0.23769446,Low Risk,Win_Rate
CID01817,0.2373008,Low Risk,Push_Click_Rate
CID01597,0.23726182,Low Risk,Win_Rate
CID01389,0.2371796,Low Risk,PnL_Percent
CID01067,0.23676178,Low Risk,Win_Rate
CID00515,0.23629728,Low Risk,Win_Rate
CID00763,0.23615274,Low Risk,Win_Rate
CID00144,0.23583794,Low Risk,Win_Rate
CID00159,0.23576486,Low Risk,Email_Open_Rate
CID00095,0.23571233,Low Risk,Trades_30D
CID00795,0.2356232,Low Risk,Avg_Trade_Return
CID01506,0.23495585,Low Risk,Win_Rate
CID01206,0.2348618,Low Risk,Win_Rate
CID00328,0.23452911,Low Risk,Push_Click_Rate
CID00745,0.23431478,Low Risk,Win_Rate
CID00367,0.23414285,Low Risk,Drawdown
CID01256,0.23334108,Low Risk,Win_Rate
CID01745,0.23112923,Low Risk,Win_Rate
CID01360,0.23106709,Low Risk,Win_Rate
CID01550,0.2308239,Low Risk,Drawdown
CID01669,0.23065412,Low Risk,Push_Click_Rate
CID01131,0.23030017,Low Risk,Push_Click_Rate
CID00864,0.23028196,Low Risk,Win_Rate
CID00260,0.23018838,Low Risk,Trades_30D
CID01376,0.2295235,Low Risk,Avg_Trade_Return
CID00492,0.22952053,Low Risk,Deposits
CID01548,0.2294803,Low Risk,Trades_30D
CID00626,0.22922951,Low Risk,Win_Rate
CID00483,0.22910738,Low Risk,Win_Rate
CID01324,0.22797306,Low Risk,Win_Rate
CID01602,0.22785789,Low Risk,Win_Rate
CID00203,0.2275204,Low Risk,Account_Age
CID00614,0.2274555,Low Risk,Push_Click_Rate
CID01413,0.22682622,Low Risk,Email_Open_Rate
CID01234,0.22649176,Low Risk,Win_Rate
CID01780,0.22624424,Low Risk,PnL_Percent
CID01058,0.2259805,Low Risk,Engagement_Score
CID01545,0.2259591,Low Risk,Win_Rate
CID01271,0.22554295,Low Risk,Avg_Trade_Return
CID01218,0.2252283,Low Risk,Engagement_Score
CID01153,0.22518723,Low Risk,PnL_Percent
CID01334,0.22501467,Low Risk,Account_Age
CID01270,0.22481988,Low Risk,Avg_Trade_Return
CID00060,0.22468661,Low Risk,Account_Age
CID01012,0.22464338,Low Risk,Win_Rate
CID00114,0.22462076,Low Risk,Login_Drop_Percent
CID01082,0.22454126,Low Risk,Win_Rate
CID00577,0.22446689,Low Risk,Account_Age
CID01138,0.22405165,Low Risk,Win_Rate
CID01792,0.22362666,Low Risk,Account_Age
CID01194,0.22357306,Low Risk,Avg_Trade_Return
CID00216,0.22355682,Low Risk,Win_Rate
CID00600,0.22328666,Low Risk,Push_Click_Rate
CID00295,0.22313698,Low Risk,Trades_30D
CID00903,0.223082,Low Risk,Win_Rate
CID01280,0.2230209,Low Risk,Avg_Trade_Return
CID01172,0.22292744,Low Risk,Deposits
CID01279,0.22234625,Low Risk,Win_Rate
CID00606,0.22197798,Low Risk,Win_Rate
CID00866,0.22192718,Low Risk,Win_Rate
CID00197,0.2218813,Low Risk,Trades_30D
CID01243,0.22186863,Low Risk,Avg_Trade_Return
CID01197,0.22138146,Low Risk,Account_Age
CID01326,0.22067243,Low Risk,Win_Rate
CID00108,0.22046301,Low Risk,Email_Open_Rate
CID00770,0.22043386,Low Risk,Engagement_Score
CID01800,0.22043015,Low Risk,Win_Rate
CID00234,0.22032243,Low Risk,Portfolio_Value
CID01805,0.220318,Low Risk,Win_Rate
CID01386,0.22012666,Low Risk,Win_Rate
CID00984,0.22011322,Low Risk,Win_Rate
CID00285,0.21995297,Low Risk,Win_Rate
CID01840,0.21978076,Low Risk,Win_Rate
CID01598,0.21970037,Low Risk,Avg_Trade_Return
CID00481,0.2195146,Low Risk,Win_Rate
CID00794,0.21950765,Low Risk,Avg_Trade_Return
CID00127,0.21949126,Low Risk,Win_Rate
CID01452,0.21880266,Low Risk,Avg_Trade_Return
CID00583,0.21781164,Low Risk,Win_Rate
CID00991,0.21755551,Low Risk,Push_Click_Rate
CID01720,0.21745387,Low Risk,Drawdown
CID00449,0.21745357,Low Risk,Email_Open_Rate
CID00525,0.2170979,Low Risk,Win_Rate
CID00384,0.21653247,Low Risk,Withdrawal_Ratio
CID00351,0.216229,Low Risk,Push_Click_Rate
CID01765,0.21565692,Low Risk,Win_Rate
CID01108,0.21504584,Low Risk,Avg_Trade_Return
CID00269,0.21501282,Low Risk,Account_Age
CID00246,0.21464302,Low Risk,Engagement_Score
CID01097,0.21462324,Low Risk,PnL
CID01451,0.2144514,Low Risk,Avg_Trade_Return
CID01939,0.21430711,Low Risk,Push_Click_Rate
CID01609,0.21423158,Low Risk,PnL_Percent
CID00541,0.2141653,Low Risk,Engagement_Score
CID00392,0.214113,Low Risk,Drawdown
CID01381,0.21410431,Low Risk,Win_Rate
CID00505,0.21342966,Low Risk,Win_Rate
CID01034,0.21324596,Low Risk,Account_Age
CID00817,0.21324001,Low Risk,PnL_Percent
CID01155,0.21285166,Low Risk,PnL_Percent
CID01192,0.21284507,Low Risk,Engagement_Score
CID00207,0.21282625,Low Risk,PnL_Percent
CID01209,0.2127468,Low Risk,Withdrawals
CID00463,0.21255511,Low Risk,Win_Rate
CID01818,0.2118029,Low Risk,Email_Open_Rate
CID00191,0.21160786,Low Risk,Push_Click_Rate
CID01457,0.21157286,Low Risk,PnL_Percent
CID01586,0.21123146,Low Risk,Win_Rate
CID01369,0.21076211,Low Risk,Win_Rate
CID01700,0.21064393,Low Risk,Engagement_Score
CID00015,0.21047388,Low Risk,Win_Rate
CID01844,0.2101931,Low Risk,Avg_Trade_Return
CID01886,0.20990634,Low Risk,Avg_Trade_Return
CID00404,0.20984763,Low Risk,Drawdown
CID01346,0.20976585,Low Risk,Drawdown
CID00967,0.20974356,Low Risk,Engagement_Score
CID01410,0.20915185,Low Risk,Avg_Trade_Return
CID01392,0.20906034,Low Risk,Win_Rate
CID00658,0.2090548,Low Risk,Win_Rate
CID01094,0.20867994,Low Risk,Engagement_Score
CID00016,0.2085169,Low Risk,Win_Rate
CID01953,0.20846637,Low Risk,Avg_Trade_Return
CID00233,0.20841445,Low Risk,Email_Open_Rate
CID00506,0.2078018,Low Risk,Account_Age
CID00359,0.2078003,Low Risk,Win_Rate
CID00057,0.20718461,Low Risk,Win_Rate
CID00070,0.20718239,Low Risk,Engagement_Score
CID01660,0.20674773,Low Risk,Engagement_Score
CID01698,0.20669277,Low Risk,Email_Open_Rate
CID01928,0.20655173,Low Risk,Trades_30D
CID00586,0.20645082,Low Risk,Engagement_Score
CID00983,0.2063725,Low Risk,Avg_Trade_Return
CID00922,0.20636292,Low Risk,Account_Age
CID00352,0.20615098,Low Risk,PnL_Percent
CID01021,0.2058386,Low Risk,Win_Rate
CID00459,0.20503443,Low Risk,Avg_Trade_Return
CID00858,0.20469813,Low Risk,Win_Rate
CID00815,0.20437704,Low Risk,Drawdown
CID00433,0.20424296,Low Risk,Win_Rate
CID00530,0.2040874,Low Risk,PnL_Percent
CID00105,0.20408109,Low Risk,Avg_Trade_Return
CID00283,0.20392409,Low Risk,Win_Rate
CID01854,0.20364839,Low Risk,Avg_Trade_Return
CID01403,0.20342265,Low Risk,Win_Rate
CID00695,0.20305917,Low Risk,Win_Rate
CID00760,0.20303558,Low Risk,Win_Rate
CID01398,0.20276023,Low Risk,Login_Drop_Percent
CID01984,0.20260727,Low Risk,Win_Rate
CID01430,0.20250903,Low Risk,Win_Rate
CID00130,0.20246024,Low Risk,Account_Age
CID01615,0.20243378,Low Risk,Email_Open_Rate
CID01916,0.2019457,Low Risk,Avg_Trade_Return
CID01345,0.20177901,Low Risk,Avg_Trade_Return
CID01046,0.20096093,Low Risk,Drawdown
CID00112,0.2008953,Low Risk,Win_Rate
CID01442,0.20074518,Low Risk,Withdrawal_Ratio
CID00242,0.20034085,Low Risk,Win_Rate
CID00820,0.20029849,Low Risk,Account_Age
CID01024,0.20021819,Low Risk,Login_Drop_Percent
CID01439,0.20018423,Low Risk,Account_Age
CID01831,0.19970252,Low Risk,Win_Rate
CID00290,0.19966586,Low Risk,Avg_Trade_Return
CID01758,0.19956867,Low Risk,Avg_Trade_Return
CID00800,0.19915843,Low Risk,Win_Rate
CID00054,0.19912814,Low Risk,Account_Age
CID01494,0.19877982,Low Risk,Win_Rate
CID01320,0.19874325,Low Risk,Avg_Trade_Return
CID00813,0.19850603,Low Risk,Win_Rate
CID01261,0.19846903,Low Risk,Email_Open_Rate
CID00490,0.19829859,Low Risk,Avg_Trade_Return
CID00657,0.19815062,Low Risk,PnL_Percent
CID01968,0.19770241,Low Risk,Push_Click_Rate
CID01185,0.19742963,Low Risk,Win_Rate
CID01695,0.19729966,Low Risk,Win_Rate
CID01933,0.19688058,Low Risk,Avg_Trade_Return
CID00624,0.19683002,Low Risk,Engagement_Score
CID01756,0.19656627,Low Risk,Account_Age
CID00643,0.19624871,Low Risk,Avg_Trade_Return
CID00021,0.19617662,Low Risk,Withdrawal_Ratio
CID01411,0.19592714,Low Risk,Win_Rate
CID00044,0.1958641,Low Risk,Win_Rate
CID00840,0.19578423,Low Risk,Win_Rate
CID00616,0.19575977,Low Risk,Avg_Trade_Return
CID01241,0.19566506,Low Risk,PnL_Percent
CID01642,0.1955237,Low Risk,Login_Drop_Percent
CID01432,0.19539545,Low Risk,Email_Open_Rate
CID01948,0.19538227,Low Risk,Win_Rate
CID01768,0.19522609,Low Risk,Account_Age
CID00732,0.1949081,Low Risk,Push_Click_Rate
CID01335,0.19456537,Low Risk,Email_Open_Rate
CID01559,0.19441472,Low Risk,Push_Click_Rate
CID01422,0.19431928,Low Risk,PnL_Percent
CID00104,0.19418548,Low Risk,Win_Rate
CID01924,0.19410439,Low Risk,Account_Age
CID00518,0.1936641,Low Risk,Avg_Trade_Return
CID00241,0.19334663,Low Risk,Win_Rate
CID00875,0.19332966,Low Risk,Win_Rate
CID00436,0.19314092,Low Risk,PnL_Percent
CID01667,0.19278835,Low Risk,Win_Rate
CID01682,0.1925604,Low Risk,Withdrawal_Ratio
CID01531,0.1923579,Low Risk,Win_Rate
CID01177,0.19206262,Low Risk,Avg_Trade_Return
CID01309,0.19193655,Low Risk,Win_Rate
CID01342,0.19152208,Low Risk,Win_Rate
CID00212,0.19136159,Low Risk,Win_Rate
CID00411,0.19096816,Low Risk,Avg_Trade_Return
CID01692,0.19080028,Low Risk,Email_Open_Rate
CID00851,0.19008666,Low Risk,Win_Rate
CID00881,0.19000287,Low Risk,Email_Open_Rate
CID01104,0.18973054,Low Risk,Win_Rate
CID00037,0.18962508,Low Risk,Win_Rate
CID01676,0.18913797,Low Risk,PnL_Percent
CID01728,0.18839103,Low Risk,Avg_Trade_Return
CID00063,0.18836108,Low Risk,Avg_Trade_Return
CID01311,0.18833882,Low Risk,Withdrawals
CID01986,0.18817388,Low Risk,Account_Age
CID00023,0.1881596,Low Risk,Email_Open_Rate
CID01042,0.18804416,Low Risk,Engagement_Score
CID00024,0.18757635,Low Risk,Avg_Trade_Return
CID00202,0.18741764,Low Risk,Drawdown
CID00343,0.18725403,Low Risk,Deposits
CID00619,0.18708953,Low Risk,Engagement_Score
CID01362,0.18707085,Low Risk,Email_Open_Rate
CID00421,0.18698902,Low Risk,Win_Rate
CID00485,0.18686299,Low Risk,Win_Rate
CID00688,0.18649478,Low Risk,Avg_Trade_Return
CID00319,0.18645926,Low Risk,Portfolio_Value
CID00107,0.18645722,Low Risk,Win_Rate
CID01975,0.18599552,Low Risk,Win_Rate
CID00363,0.1858666,Low Risk,PnL_Percent
CID01590,0.18577486,Low Risk,Win_Rate
CID01213,0.18573575,Low Risk,Account_Age
CID01049,0.18572806,Low Risk,Win_Rate
CID01690,0.1857234,Low Risk,Push_Click_Rate
CID00646,0.18557571,Low Risk,Win_Rate
CID01350,0.18543823,Low Risk,Deposits
CID00499,0.18543781,Low Risk,Avg_Trade_Return
CID00047,0.18539898,Low Risk,Win_Rate
CID00764,0.18538012,Low Risk,Win_Rate
CID01513,0.18480887,Low Risk,Win_Rate
CID01460,0.18477277,Low Risk,Account_Age
CID01463,0.18472812,Low Risk,Avg_Trade_Return
CID01829,0.18458559,Low Risk,Email_Open_Rate
CID01941,0.18454039,Low Risk,Email_Open_Rate
CID01199,0.18382576,Low Risk,Win_Rate
CID00698,0.18376489,Low Risk,Win_Rate
CID00932,0.18373115,Low Risk,Avg_Trade_Return
CID01343,0.18366434,Low Risk,Push_Click_Rate
CID01684,0.18329257,Low Risk,Email_Open_Rate
CID00650,0.18309493,Low Risk,Win_Rate
CID00542,0.18304065,Low Risk,Email_Open_Rate
CID01556,0.18295425,Low Risk,Win_Rate
CID00180,0.18236148,Low Risk,Win_Rate
CID00078,0.18217567,Low Risk,Email_Open_Rate
CID00502,0.18210457,Low Risk,Avg_Trade_Return
CID01767,0.18207671,Low Risk,Win_Rate
CID00710,0.18101595,Low Risk,Avg_Trade_Return
CID00520,0.18100996,Low Risk,PnL_Percent
CID00344,0.18092665,Low Risk,Win_Rate
CID00390,0.18080105,Low Risk,Win_Rate
CID01474,0.18071346,Low Risk,Email_Open_Rate
CID01535,0.18048258,Low Risk,PnL_Percent
CID00252,0.18045902,Low Risk,Drawdown
CID01588,0.18023822,Low Risk,Account_Age
CID00855,0.17997809,Low Risk,Avg_Trade_Return
CID00129,0.17995197,Low Risk,Win_Rate
CID01704,0.17993987,Low Risk,Win_Rate
CID00959,0.1797434,Low Risk,Win_Rate
CID00550,0.17961912,Low Risk,PnL_Percent
CID00441,0.17957759,Low Risk,Engagement_Score
CID00053,0.17955773,Low Risk,Avg_Trade_Return
CID01291,0.17955269,Low Risk,Email_Open_Rate
CID01126,0.17953533,Low Risk,Win_Rate
CID00398,0.17953077,Low Risk,Login_30D
CID00313,0.17918228,Low Risk,Win_Rate
CID01771,0.17882036,Low Risk,Win_Rate
CID00353,0.1781645,Low Risk,Push_Click_Rate
CID00901,0.17812401,Low Risk,Avg_Trade_Return
CID01932,0.17798916,Low Risk,Win_Rate
CID01340,0.17792974,Low Risk,Avg_Trade_Return
CID01079,0.17756169,Low Risk,Avg_Trade_Return
CID01033,0.17755714,Low Risk,Win_Rate
CID00824,0.17755473,Low Risk,Avg_Trade_Return
CID00139,0.17738517,Low Risk,PnL_Percent
CID01611,0.17721844,Low Risk,Avg_Trade_Return
CID00133,0.17716683,Low Risk,PnL_Percent
CID01496,0.1770361,Low Risk,Portfolio_Value
CID01146,0.17698972,Low Risk,Email_Open_Rate
CID01878,0.17684174,Low Risk,Win_Rate
CID01406,0.17679112,Low Risk,Push_Click_Rate
CID00121,0.17652719,Low Risk,Avg_Trade_Return
CID00198,0.17589657,Low Risk,Engagement_Score
CID01118,0.17588674,Low Risk,PnL_Percent
CID01447,0.17588341,Low Risk,Engagement_Score
CID00665,0.17587514,Low Risk,Win_Rate
CID00147,0.17571236,Low Risk,Account_Age
CID01101,0.1756441,Low Risk,Win_Rate
CID01111,0.17563157,Low Risk,PnL_Percent
CID01009,0.17503473,Low Risk,Win_Rate
CID00480,0.17498681,Low Risk,Win_Rate
CID01019,0.17476761,Low Risk,Account_Age
CID01859,0.17462061,Low Risk,Win_Rate
CID00286,0.17436853,Low Risk,PnL_Percent
CID00020,0.17428184,Low Risk,Deposits
CID00833,0.1741591,Low Risk,Account_Age
CID01125,0.17385463,Low Risk,Win_Rate
CID00615,0.17361884,Low Risk,Win_Rate
CID01972,0.17361873,Low Risk,Avg_Trade_Return
CID01971,0.17350987,Low Risk,Engagement_Score
CID00071,0.17318782,Low Risk,Avg_Trade_Return
CID01912,0.17312573,Low Risk,Win_Rate
CID00722,0.1729394,Low Risk,Email_Open_Rate
CID00793,0.1728319,Low Risk,Account_Age
CID01399,0.17244902,Low Risk,Win_Rate
CID01798,0.1721528,Low Risk,PnL_Percent
CID01269,0.17198409,Low Risk,PnL_Percent
CID01068,0.17177111,Low Risk,Win_Rate
CID01212,0.1717446,Low Risk,Win_Rate
CID00634,0.1717443,Low Risk,Win_Rate
CID00157,0.17168476,Low Risk,Win_Rate
CID00526,0.17159417,Low Risk,Win_Rate
CID01791,0.17154425,Low Risk,PnL_Percent
CID00379,0.17152958,Low Risk,Avg_Trade_Return
CID01661,0.17149831,Low Risk,Engagement_Score
CID00591,0.17146888,Low Risk,Engagement_Score
CID00639,0.17130627,Low Risk,Email_Open_Rate
CID00804,0.17122516,Low Risk,Engagement_Score
CID00937,0.17120709,Low Risk,Avg_Trade_Return
CID00165,0.17112322,Low Risk,Win_Rate
CID00124,0.17109726,Low Risk,Trades_30D
CID01663,0.17080988,Low Risk,PnL_Percent
CID01166,0.17080073,Low Risk,Win_Rate
CID00450,0.170664,Low Risk,Win_Rate
CID01659,0.1706423,Low Risk,Win_Rate
CID00955,0.17059863,Low Risk,Avg_Trade_Return
CID01178,0.17037933,Low Risk,Win_Rate
CID00755,0.1701938,Low Risk,Email_Open_Rate
CID00376,0.17016535,Low Risk,Win_Rate
CID01364,0.17009062,Low Risk,Avg_Trade_Return
CID00554,0.17004603,Low Risk,Win_Rate
CID00276,0.16950954,Low Risk,Push_Click_Rate
CID00669,0.16932268,Low Risk,Win_Rate
CID01267,0.16920467,Low Risk,Drawdown
CID00792,0.1691202,Low Risk,Win_Rate
CID01482,0.16898607,Low Risk,Account_Age
CID00270,0.1689608,Low Risk,Win_Rate
CID01921,0.16882564,Low Risk,PnL_Percent
CID01137,0.16872843,Low Risk,Win_Rate
CID01475,0.16870137,Low Risk,Withdrawals
CID00847,0.16856775,Low Risk,Win_Rate
CID00645,0.16847095,Low Risk,Win_Rate
CID00173,0.16819255,Low Risk,Win_Rate
CID01175,0.168023,Low Risk,Win_Rate
CID01027,0.16799143,Low Risk,Win_Rate
CID00555,0.16776302,Low Risk,Account_Age
CID01252,0.16772296,Low Risk,Win_Rate
CID00427,0.16768281,Low Risk,Email_Open_Rate
CID00694,0.16759992,Low Risk,Win_Rate
CID01662,0.16748932,Low Risk,Win_Rate
CID01450,0.1674386,Low Risk,Win_Rate
CID01259,0.167419,Low Risk,Email_Open_Rate
CID00976,0.16735172,Low Risk,Win_Rate
CID00027,0.16722356,Low Risk,Avg_Trade_Return
CID00989,0.16716985,Low Risk,Avg_Trade_Return
CID00988,0.16695368,Low Risk,Push_Click_Rate
CID01070,0.16694333,Low Risk,Win_Rate
CID00126,0.16656272,Low Risk,Avg_Trade_Return
CID01325,0.1665266,Low Risk,Email_Open_Rate
CID01604,0.16565871,Low Risk,Win_Rate
CID00951,0.1654393,Low Risk,Win_Rate
CID01102,0.16537307,Low Risk,Win_Rate
CID00420,0.16508764,Low Risk,Avg_Trade_Return
CID00185,0.16497408,Low Risk,Drawdown
CID00930,0.16483985,Low Risk,Win_Rate
CID01417,0.16483028,Low Risk,Win_Rate
CID01344,0.16477121,Low Risk,PnL_Percent
CID00011,0.1646715,Low Risk,Push_Click_Rate
CID01322,0.16466227,Low Risk,Win_Rate
CID00629,0.16460848,Low Risk,Avg_Trade_Return
CID01993,0.16455713,Low Risk,Win_Rate
CID01087,0.16451485,Low Risk,Win_Rate
CID00332,0.16437264,Low Risk,Engagement_Score
CID01925,0.16437052,Low Risk,Avg_Trade_Return
CID00468,0.16419458,Low Risk,Avg_Trade_Return
CID00219,0.16414727,Low Risk,Win_Rate
CID00573,0.16407354,Low Risk,Win_Rate
CID00048,0.16404715,Low Risk,Win_Rate
CID00927,0.16397971,Low Risk,Avg_Trade_Return
CID00254,0.1639278,Low Risk,Account_Age
CID00007,0.16384147,Low Risk,Withdrawal_Ratio
CID01515,0.16369687,Low Risk,Avg_Trade_Return
CID01283,0.16354829,Low Risk,Engagement_Score
CID01893,0.16341104,Low Risk,Avg_Trade_Return
CID00371,0.16335505,Low Risk,Avg_Trade_Return
CID01043,0.16327646,Low Risk,Email_Open_Rate
CID00236,0.16326033,Low Risk,Win_Rate
CID01754,0.16304597,Low Risk,Avg_Trade_Return
CID01677,0.1629408,Low Risk,Engagement_Score
CID01476,0.16274692,Low Risk,Win_Rate
CID01017,0.16271454,Low Risk,Withdrawal_Ratio
CID00340,0.16265401,Low Risk,Engagement_Score
CID00553,0.16224395,Low Risk,PnL_Percent
CID00924,0.16222256,Low Risk,Win_Rate
CID00809,0.16221519,Low Risk,Avg_Trade_Return
CID00396,0.16206582,Low Risk,Win_Rate
CID00966,0.16192108,Low Risk,Avg_Trade_Return
CID00455,0.1618806,Low Risk,Withdrawal_Ratio
CID00424,0.16184185,Low Risk,Win_Rate
CID01718,0.16180043,Low Risk,Account_Age
CID01601,0.16163278,Low Risk,Win_Rate
CID01952,0.16161378,Low Risk,Win_Rate
CID00001,0.16159904,Low Risk,Avg_Trade_Return
CID01847,0.16140433,Low Risk,Email_Open_Rate
CID00038,0.16136287,Low Risk,PnL_Percent
CID00565,0.16132481,Low Risk,Email_Open_Rate
CID01421,0.1610913,Low Risk,Avg_Trade_Return
CID01746,0.16101201,Low Risk,Win_Rate
CID01740,0.16091894,Low Risk,Win_Rate
CID01967,0.16081874,Low Risk,Avg_Trade_Return
CID01404,0.16056645,Low Risk,Win_Rate
CID01368,0.16051799,Low Risk,Win_Rate
CID01990,0.16041155,Low Risk,Account_Age
CID01628,0.16018775,Low Risk,Win_Rate
CID00543,0.16013423,Low Risk,Withdrawal_Ratio
CID01744,0.15989752,Low Risk,Engagement_Score
CID01839,0.15982571,Low Risk,Win_Rate
CID01183,0.15979,Low Risk,Win_Rate
CID01922,0.15942563,Low Risk,Account_Age
CID00302,0.1593497,Low Risk,Push_Click_Rate
CID00978,0.1592731,Low Risk,Engagement_Score
CID00045,0.15913007,Low Risk,Win_Rate
CID00462,0.1587695,Low Risk,Push_Click_Rate
CID00072,0.15863782,Low Risk,Account_Age
CID01141,0.15846601,Low Risk,Drawdown
CID01895,0.15834406,Low Risk,Account_Age
CID00017,0.15833323,Low Risk,Win_Rate
CID01414,0.15813391,Low Risk,Win_Rate
CID00365,0.15801708,Low Risk,Email_Open_Rate
CID01571,0.15795347,Low Risk,Win_Rate
CID00803,0.157811,Low Risk,Win_Rate
CID00439,0.15770008,Low Risk,Engagement_Score
CID01254,0.15765053,Low Risk,Avg_Trade_Return
CID00097,0.15752573,Low Risk,Email_Open_Rate
CID00143,0.15751055,Low Risk,Win_Rate
CID01641,0.15747051,Low Risk,Win_Rate
CID00040,0.15722118,Low Risk,Win_Rate
CID01703,0.1568278,Low Risk,Withdrawal_Ratio
CID00175,0.15682432,Low Risk,Win_Rate
CID01064,0.15669657,Low Risk,Login_30D
CID00965,0.1560626,Low Risk,PnL_Percent
CID01841,0.15604992,Low Risk,Login_Drop_Percent
CID00465,0.15603788,Low Risk,Avg_Trade_Return
CID01862,0.15575597,Low Risk,Email_Open_Rate
CID00253,0.15571208,Low Risk,Win_Rate
CID00125,0.15565017,Low Risk,Withdrawal_Ratio
CID01396,0.15562701,Low Risk,Avg_Trade_Return
CID01127,0.15554053,Low Risk,Push_Click_Rate
CID00162,0.15552719,Low Risk,Avg_Trade_Return
CID00489,0.15548235,Low Risk,Avg_Trade_Return
CID00152,0.1553272,Low Risk,Win_Rate
CID00294,0.15525828,Low Risk,Engagement_Score
CID00740,0.15510677,Low Risk,Win_Rate
CID01616,0.15506494,Low Risk,Avg_Trade_Return
CID01887,0.15501563,Low Risk,Win_Rate
CID00006,0.15498269,Low Risk,Win_Rate
CID00890,0.15477847,Low Risk,Avg_Trade_Return
CID01310,0.15471919,Low Risk,Win_Rate
CID00187,0.15470298,Low Risk,Win_Rate
CID00495,0.15468894,Low Risk,Avg_Trade_Return
CID01743,0.15467434,Low Risk,Account_Age
CID00029,0.154545,Low Risk,Win_Rate
CID01092,0.15448128,Low Risk,Win_Rate
CID00081,0.15441765,Low Risk,Win_Rate
CID01691,0.15439314,Low Risk,Withdrawals
CID01390,0.15436798,Low Risk,Avg_Trade_Return
CID01944,0.15427521,Low Risk,Win_Rate
CID00908,0.15413597,Low Risk,Portfolio_Value
CID00431,0.15409835,Low Risk,Win_Rate
CID01051,0.15400375,Low Risk,Win_Rate
CID01409,0.15386076,Low Risk,Withdrawals
CID00791,0.1538194,Low Risk,Engagement_Score
CID01824,0.15359648,Low Risk,Win_Rate
CID01649,0.15334916,Low Risk,PnL_Percent
CID00277,0.15323758,Low Risk,Win_Rate
CID00617,0.15316676,Low Risk,Win_Rate
CID01648,0.15313727,Low Risk,Engagement_Score
CID00772,0.1531174,Low Risk,Email_Open_Rate
CID00116,0.15307651,Low Risk,Win_Rate
CID01646,0.15300843,Low Risk,Win_Rate
CID01010,0.15285523,Low Risk,Avg_Trade_Return
CID01242,0.1526202,Low Risk,Push_Click_Rate
CID00972,0.15257208,Low Risk,Win_Rate
CID00136,0.15249386,Low Risk,Account_Age
CID01582,0.15201852,Low Risk,Email_Open_Rate
CID01988,0.15194352,Low Risk,Account_Age
CID01151,0.1516957,Low Risk,Win_Rate
CID00083,0.15168051,Low Risk,PnL_Percent
CID00524,0.151522,Low Risk,Email_Open_Rate
CID00575,0.15123656,Low Risk,Avg_Trade_Return
CID00335,0.15116116,Low Risk,Email_Open_Rate
CID01837,0.15111421,Low Risk,Win_Rate
CID00042,0.150989,Low Risk,Avg_Trade_Return
CID00052,0.15095824,Low Risk,Avg_Trade_Return
CID01996,0.15052757,Low Risk,Win_Rate
CID00940,0.15052338,Low Risk,Win_Rate
CID00895,0.1504788,Low Risk,PnL_Percent
CID01897,0.15045789,Low Risk,Avg_Trade_Return
CID01920,0.1504088,Low Risk,Win_Rate
CID00878,0.15034086,Low Risk,Drawdown
CID01207,0.15012696,Low Risk,Avg_Trade_Return
CID00237,0.14993101,Low Risk,Email_Open_Rate
CID00920,0.1496014,Low Risk,Email_Open_Rate
CID01120,0.14913882,Low Risk,Win_Rate
CID01750,0.14900106,Low Risk,Win_Rate
CID01109,0.14880286,Low Risk,Win_Rate
CID01147,0.14875826,Low Risk,Avg_Trade_Return
CID01418,0.14868608,Low Risk,Win_Rate
CID01836,0.14860925,Low Risk,Win_Rate
CID00720,0.14857155,Low Risk,Email_Open_Rate
CID01632,0.14857031,Low Risk,Account_Age
CID00676,0.14837639,Low Risk,Win_Rate
CID00103,0.14836876,Low Risk,Engagement_Score
CID01520,0.14832194,Low Risk,Login_Drop_Percent
CID00997,0.14793591,Low Risk,PnL_Percent
CID00464,0.14790112,Low Risk,Trade_Drop_Percent
CID00865,0.14782645,Low Risk,Win_Rate
CID01880,0.14780535,Low Risk,Win_Rate
CID01336,0.14777796,Low Risk,Win_Rate
CID00995,0.14776604,Low Risk,Avg_Trade_Return
CID00686,0.14762641,Low Risk,Win_Rate
CID00374,0.14754418,Low Risk,Avg_Trade_Return
CID01997,0.14733565,Low Risk,Trades_30D
CID00779,0.14713033,Low Risk,Avg_Trade_Return
CID01246,0.14704055,Low Risk,PnL_Percent
CID00906,0.14696445,Low Risk,PnL_Percent
CID01869,0.14690031,Low Risk,Avg_Trade_Return
CID01423,0.14684407,Low Risk,Win_Rate
CID00699,0.14680193,Low Risk,Win_Rate
CID01775,0.14677556,Low Risk,PnL_Percent
CID00257,0.1466756,Low Risk,Avg_Trade_Return
CID01405,0.14638595,Low Risk,Avg_Trade_Return
CID01569,0.14633982,Low Risk,Avg_Trade_Return
CID01195,0.14626758,Low Risk,Win_Rate
CID00293,0.14611995,Low Risk,Win_Rate
CID01858,0.14610285,Low Risk,Drawdown
CID01554,0.14610162,Low Risk,Win_Rate
CID01388,0.14607997,Low Risk,Avg_Trade_Return
CID00434,0.14601989,Low Risk,Email_Open_Rate
CID01819,0.14586751,Low Risk,Engagement_Score
CID01317,0.1458638,Low Risk,Email_Open_Rate
CID00631,0.1458475,Low Risk,Account_Age
CID00385,0.14578274,Low Risk,Deposits
CID00860,0.14570029,Low Risk,Account_Age
CID01312,0.14548762,Low Risk,Win_Rate
CID01802,0.14519455,Low Risk,Win_Rate
CID00620,0.14516981,Low Risk,Avg_Trade_Return
CID00440,0.14501914,Low Risk,Avg_Trade_Return
CID00028,0.14488891,Low Risk,Engagement_Score
CID00145,0.14486109,Low Risk,Win_Rate
CID01883,0.14485534,Low Risk,Win_Rate
CID00228,0.14484897,Low Risk,Avg_Trade_Return
CID01699,0.14483722,Low Risk,Win_Rate
CID00086,0.14467694,Low Risk,Engagement_Score
CID00781,0.14464307,Low Risk,Push_Click_Rate
CID01472,0.1445866,Low Risk,Portfolio_Value
CID00451,0.14455527,Low Risk,Withdrawals
CID00324,0.14448284,Low Risk,Win_Rate
CID00511,0.14446837,Low Risk,Win_Rate
CID01637,0.14446054,Low Risk,Avg_Trade_Return
CID01981,0.14432448,Low Risk,Win_Rate
CID01561,0.144292,Low Risk,Email_Open_Rate
CID00807,0.14414963,Low Risk,Account_Age
CID00025,0.14399958,Low Risk,Win_Rate
CID00706,0.14398442,Low Risk,PnL_Percent
CID01026,0.14387716,Low Risk,Login_Drop_Percent
CID00821,0.14363427,Low Risk,Win_Rate
CID00897,0.14350247,Low Risk,Win_Rate
CID01532,0.14349344,Low Risk,Email_Open_Rate
CID01757,0.14346161,Low Risk,Email_Open_Rate
CID01544,0.14308865,Low Risk,Avg_Trade_Return
CID01903,0.14299354,Low Risk,Engagement_Score
CID00734,0.14294568,Low Risk,Push_Click_Rate
CID01874,0.14285012,Low Risk,Avg_Trade_Return
CID01372,0.14270017,Low Risk,Email_Open_Rate
CID00204,0.14255477,Low Risk,Avg_Trade_Return
CID01305,0.1420081,Low Risk,PnL_Percent
CID01434,0.14186959,Low Risk,Email_Open_Rate
CID01654,0.14186871,Low Risk,Win_Rate
CID01486,0.14183298,Low Risk,Account_Age
CID00383,0.14182016,Low Risk,Trades_30D
CID01487,0.14179179,Low Risk,Win_Rate
CID01917,0.1416103,Low Risk,Win_Rate
CID00221,0.1413615,Low Risk,Engagement_Score
CID00348,0.14120497,Low Risk,Avg_Trade_Return
CID00059,0.14114122,Low Risk,Account_Age
CID00182,0.14111878,Low Risk,Withdrawal_Ratio
CID01908,0.1411102,Low Risk,Win_Rate
CID00744,0.14102907,Low Risk,Login_Drop_Percent
CID01918,0.14100246,Low Risk,Win_Rate
CID00601,0.14093293,Low Risk,Email_Open_Rate
CID01008,0.14074329,Low Risk,Withdrawal_Ratio
CID01349,0.14073588,Low Risk,Withdrawal_Ratio
CID01373,0.140658,Low Risk,Win_Rate
CID01658,0.14061698,Low Risk,Drawdown
CID01884,0.1405979,Low Risk,Withdrawal_Ratio
CID00552,0.14045441,Low Risk,Win_Rate
CID01483,0.14045164,Low Risk,Win_Rate
CID00476,0.14034809,Low Risk,Engagement_Score
CID01523,0.14004263,Low Risk,Win_Rate
CID01065,0.139835,Low Risk,Account_Age
CID00718,0.1395744,Low Risk,Avg_Trade_Return
CID01348,0.13946442,Low Risk,Win_Rate
CID00659,0.13923274,Low Risk,Engagement_Score
CID00267,0.13914503,Low Risk,Engagement_Score
CID00298,0.13903378,Low Risk,Engagement_Score
CID00271,0.13893665,Low Risk,Engagement_Score
CID00516,0.13872217,Low Risk,Win_Rate
CID01711,0.13851768,Low Risk,Login_Drop_Percent
CID01200,0.13850929,Low Risk,Win_Rate
CID01570,0.1384775,Low Risk,Win_Rate
CID00835,0.13843428,Low Risk,Win_Rate
CID00778,0.13827841,Low Risk,Login_Drop_Percent
CID00150,0.13785422,Low Risk,Email_Open_Rate
CID02000,0.13760895,Low Risk,Withdrawal_Ratio
CID00194,0.13754214,Low Risk,Push_Click_Rate
CID01112,0.1373048,Low Risk,Withdrawal_Ratio
CID01852,0.13725801,Low Risk,Portfolio_Value
CID01444,0.13724601,Low Risk,Account_Age
CID00273,0.13698378,Low Risk,Engagement_Score
CID00261,0.13694519,Low Risk,Drawdown
CID00082,0.13690937,Low Risk,Avg_Trade_Return
CID01603,0.13674141,Low Risk,Account_Age
CID01796,0.13635844,Low Risk,Login_30D
CID00812,0.13626635,Low Risk,Engagement_Score
CID00725,0.13624609,Low Risk,Account_Age
CID01970,0.13622575,Low Risk,Avg_Trade_Return
CID01375,0.13619444,Low Risk,Trades_30D
CID01835,0.13616681,Low Risk,Win_Rate
CID01564,0.13615514,Low Risk,Login_Drop_Percent
CID00749,0.13609153,Low Risk,Win_Rate
CID00369,0.1358011,Low Risk,Avg_Trade_Return
CID00009,0.13578437,Low Risk,Avg_Trade_Return
CID01330,0.13577224,Low Risk,Avg_Trade_Return
CID00716,0.13566431,Low Risk,Drawdown
CID01748,0.1356603,Low Risk,Win_Rate
CID00288,0.13563669,Low Risk,Account_Age
CID00491,0.13563381,Low Risk,Email_Open_Rate
CID01477,0.1356106,Low Risk,Win_Rate
CID01278,0.13559979,Low Risk,Engagement_Score
CID00184,0.135514,Low Risk,Login_Drop_Percent
CID01940,0.13546541,Low Risk,Email_Open_Rate
CID00355,0.13540493,Low Risk,Avg_Trade_Return
CID00361,0.13525964,Low Risk,Avg_Trade_Return
CID01599,0.1351313,Low Risk,Avg_Trade_Return
CID01991,0.13510667,Low Risk,Email_Open_Rate
CID00773,0.13510038,Low Risk,Win_Rate
CID00677,0.13500161,Low Risk,Win_Rate
CID00916,0.13455397,Low Risk,Avg_Trade_Return
CID00854,0.13455142,Low Risk,Win_Rate
CID01552,0.13447772,Low Risk,Win_Rate
CID01130,0.13444611,Low Risk,Engagement_Score
CID00289,0.13440731,Low Risk,Avg_Trade_Return
CID00142,0.13440575,Low Risk,Engagement_Score
CID00947,0.1343733,Low Risk,PnL_Percent
CID00220,0.13435999,Low Risk,Trade_Drop_Percent
CID01736,0.13423578,Low Risk,Avg_Trade_Return
CID00091,0.13416976,Low Risk,Email_Open_Rate
CID01231,0.13403416,Low Risk,Avg_Trade_Return
CID01957,0.13397671,Low Risk,Win_Rate
CID00106,0.13369067,Low Risk,Win_Rate
CID00079,0.13365114,Low Risk,Win_Rate
CID01188,0.13358675,Low Risk,Engagement_Score
CID01994,0.13351375,Low Risk,Withdrawal_Ratio
CID00055,0.13346192,Low Risk,Win_Rate
CID01436,0.13321005,Low Risk,Win_Rate
CID01937,0.13301802,Low Risk,Email_Open_Rate
CID01832,0.13291615,Low Risk,Engagement_Score
CID00244,0.13270426,Low Risk,Email_Open_Rate
CID01825,0.1326344,Low Risk,Win_Rate
CID00307,0.13257982,Low Risk,Win_Rate
CID01705,0.13256466,Low Risk,Login_Drop_Percent
CID00968,0.13255836,Low Risk,Withdrawal_Ratio
CID00802,0.1325561,Low Risk,Avg_Trade_Return
CID00782,0.1324933,Low Risk,Account_Age
CID01549,0.1323273,Low Risk,Win_Rate
CID00186,0.13226789,Low Risk,Email_Open_Rate
CID01121,0.13225569,Low Risk,Push_Click_Rate
CID01816,0.13216743,Low Risk,Email_Open_Rate
CID01085,0.13214721,Low Risk,Account_Age
CID00977,0.13213593,Low Risk,Win_Rate
CID01562,0.13205518,Low Risk,Win_Rate
CID01071,0.13203923,Low Risk,Withdrawal_Ratio
CID01555,0.13194764,Low Risk,PnL_Percent
CID00662,0.1315711,Low Risk,Avg_Trade_Return
CID00497,0.13155764,Low Risk,Deposits
CID01537,0.13148867,Low Risk,Win_Rate
CID00880,0.13144569,Low Risk,PnL_Percent
CID01946,0.13136816,Low Risk,Avg_Trade_Return
CID00248,0.13134593,Low Risk,Account_Age
CID00539,0.13106121,Low Risk,Login_Drop_Percent
CID01942,0.131058,Low Risk,Email_Open_Rate
CID01308,0.13101749,Low Risk,Avg_Trade_Return
CID00137,0.13093705,Low Risk,Win_Rate
CID01500,0.1307603,Low Risk,Avg_Trade_Return
CID00891,0.13064596,Low Risk,Win_Rate
CID00780,0.1306452,Low Risk,Portfolio_Value
CID00266,0.13055246,Low Risk,Account_Age
CID00572,0.13048647,Low Risk,Win_Rate
CID01675,0.130333,Low Risk,Win_Rate
CID01481,0.13003609,Low Risk,Withdrawal_Ratio
CID00339,0.12993477,Low Risk,PnL_Percent
CID01014,0.12986362,Low Risk,PnL_Percent
CID01629,0.12975201,Low Risk,Win_Rate
CID01665,0.12973139,Low Risk,PnL_Percent
CID00066,0.12970878,Low Risk,Avg_Trade_Return
CID01122,0.12967679,Low Risk,PnL_Percent
CID00356,0.1295673,Low Risk,Avg_Trade_Return
CID00758,0.1294913,Low Risk,Engagement_Score
CID00642,0.1293453,Low Risk,Avg_Trade_Return
CID01620,0.12912616,Low Risk,Win_Rate
CID01490,0.1288296,Low Risk,PnL_Percent
CID01103,0.12823476,Low Risk,PnL_Percent
CID01838,0.12801786,Low Risk,Trades_30D
CID00315,0.1280131,Low Risk,Avg_Trade_Return
CID01025,0.12780626,Low Risk,Win_Rate
CID00638,0.12768574,Low Risk,Win_Rate
CID00110,0.12763241,Low Risk,Win_Rate
CID01230,0.12729925,Low Risk,PnL_Percent
CID00856,0.12727632,Low Risk,Engagement_Score
CID01229,0.12726791,Low Risk,PnL_Percent
CID01581,0.12723882,Low Risk,Account_Age
CID00714,0.12716709,Low Risk,Win_Rate
CID00936,0.1270018,Low Risk,Win_Rate
CID00751,0.12684523,Low Risk,Avg_Trade_Return
CID01110,0.12676796,Low Risk,Push_Click_Rate
CID01235,0.12662578,Low Risk,Win_Rate
CID00263,0.12662102,Low Risk,Win_Rate
CID00346,0.12652586,Low Risk,Withdrawal_Ratio
CID01679,0.12641816,Low Risk,PnL_Percent
CID00262,0.12641345,Low Risk,Win_Rate
CID01217,0.12637125,Low Risk,Push_Click_Rate
CID01647,0.12614538,Low Risk,Win_Rate
CID01327,0.12613282,Low Risk,Engagement_Score
CID01730,0.12599975,Low Risk,Win_Rate
CID01181,0.12595119,Low Risk,Win_Rate
CID01566,0.12565131,Low Risk,Email_Open_Rate
CID01395,0.12564199,Low Risk,PnL_Percent
CID00349,0.12561256,Low Risk,Win_Rate
CID01812,0.12554024,Low Risk,Win_Rate
CID00217,0.12549007,Low Risk,Win_Rate
CID00862,0.1254461,Low Risk,Win_Rate
CID01232,0.12524939,Low Risk,Login_Drop_Percent
CID00169,0.1251629,Low Risk,Win_Rate
CID00296,0.12509482,Low Risk,Win_Rate
CID01624,0.1249714,Low Risk,Account_Age
CID01456,0.12494343,Low Risk,Engagement_Score
CID01777,0.12492271,Low Risk,Push_Click_Rate
CID01031,0.12454524,Low Risk,Win_Rate
CID00362,0.12445649,Low Risk,Account_Age
CID01606,0.12444071,Low Risk,Account_Age
CID01827,0.12438399,Low Risk,Deposits
CID01431,0.12431428,Low Risk,Win_Rate
CID01096,0.12410579,Low Risk,PnL_Percent
CID00448,0.12405713,Low Risk,Account_Age
CID01787,0.124039315,Low Risk,Engagement_Score
CID01514,0.123936966,Low Risk,Avg_Trade_Return
CID00101,0.12387484,Low Risk,Email_Open_Rate
CID00986,0.12383897,Low Risk,Trades_30D
CID01163,0.12376297,Low Risk,Deposits
CID01801,0.12364057,Low Risk,Win_Rate
CID00540,0.123254605,Low Risk,Win_Rate
CID01114,0.12324125,Low Risk,PnL_Percent
CID01426,0.12317645,Low Risk,Win_Rate
CID00333,0.12306528,Low Risk,Win_Rate
CID01443,0.1230197,Low Risk,Email_Open_Rate
CID00777,0.12293162,Low Risk,Withdrawal_Ratio
CID00571,0.12277663,Low Risk,Avg_Trade_Return
CID00160,0.122776225,Low Risk,Engagement_Score
CID01931,0.122726135,Low Risk,Deposits
CID01116,0.12270528,Low Risk,Email_Open_Rate
CID00939,0.12268549,Low Risk,Avg_Trade_Return
CID00391,0.12266685,Low Risk,Email_Open_Rate
CID00564,0.12228266,Low Risk,Withdrawals
CID00323,0.12226555,Low Risk,Drawdown
CID00077,0.122252665,Low Risk,Win_Rate
CID00708,0.12208377,Low Risk,PnL_Percent
CID00735,0.121958554,Low Risk,Win_Rate
CID00430,0.12176801,Low Risk,Engagement_Score
CID01106,0.12165722,Low Risk,Avg_Trade_Return
CID00731,0.12151145,Low Risk,Email_Open_Rate
CID00513,0.121466994,Low Risk,Engagement_Score
CID00887,0.12142311,Low Risk,Email_Open_Rate
CID01752,0.12134701,Low Risk,Win_Rate
CID01673,0.12117068,Low Risk,Win_Rate
CID00512,0.12111168,Low Risk,Push_Click_Rate
CID01577,0.121072784,Low Risk,Win_Rate
CID00527,0.12106931,Low Risk,Withdrawal_Ratio
CID00393,0.12089698,Low Risk,Account_Age
CID01963,0.120864116,Low Risk,Email_Open_Rate
CID01084,0.1208414,Low Risk,Email_Open_Rate
CID00823,0.12078002,Low Risk,Win_Rate
CID00049,0.12073822,Low Risk,Email_Open_Rate
CID00912,0.120731056,Low Risk,Email_Open_Rate
CID01225,0.12072983,Low Risk,Email_Open_Rate
CID00998,0.12069842,Low Risk,Win_Rate
CID00387,0.12056968,Low Risk,Email_Open_Rate
CID00205,0.12052005,Low Risk,Email_Open_Rate
CID00653,0.12030123,Low Risk,Account_Age
CID00299,0.12025442,Low Risk,Win_Rate
CID00189,0.12021466,Low Risk,Email_Open_Rate
CID01420,0.12019898,Low Risk,Engagement_Score
CID00640,0.12018652,Low Risk,Avg_Trade_Return
CID00522,0.11995402,Low Risk,PnL_Percent
CID01625,0.119845614,Low Risk,PnL_Percent
CID01248,0.119769886,Low Risk,Push_Click_Rate
CID01367,0.119482264,Low Risk,PnL_Percent
CID01393,0.11921952,Low Risk,Win_Rate
CID00877,0.11900961,Low Risk,Engagement_Score
CID01846,0.118874654,Low Risk,Avg_Trade_Return
CID00395,0.11882896,Low Risk,Win_Rate
CID00859,0.11877958,Low Risk,Withdrawals
CID00902,0.11872195,Low Risk,Win_Rate
CID01848,0.11861486,Low Risk,Email_Open_Rate
CID01974,0.11859686,Low Risk,PnL_Percent
CID00752,0.11852803,Low Risk,PnL_Percent
CID00558,0.118250415,Low Risk,Email_Open_Rate
CID00407,0.118212916,Low Risk,Email_Open_Rate
CID00838,0.11819069,Low Risk,Engagement_Score
CID00941,0.11817404,Low Risk,Avg_Trade_Return
CID00975,0.11814296,Low Risk,Withdrawals
CID00982,0.11805244,Low Risk,Email_Open_Rate
CID00870,0.117986105,Low Risk,Win_Rate
CID00651,0.11796335,Low Risk,PnL_Percent
CID00304,0.11790295,Low Risk,Win_Rate
CID00724,0.11787167,Low Risk,Win_Rate
CID00471,0.11786618,Low Risk,Avg_Trade_Return
CID01323,0.11781274,Low Risk,Win_Rate
CID00595,0.11779696,Low Risk,Win_Rate
CID00759,0.11770243,Low Risk,Email_Open_Rate
CID01041,0.11761808,Low Risk,Win_Rate
CID00401,0.11754129,Low Risk,Portfolio_Value
CID01526,0.117504,Low Risk,PnL_Percent
CID01190,0.11748603,Low Risk,Account_Age
CID00627,0.11744592,Low Risk,Push_Click_Rate
CID01035,0.117402926,Low Risk,Email_Open_Rate
CID01072,0.117224924,Low Risk,Push_Click_Rate
CID00834,0.11714224,Low Risk,Engagement_Score
CID00849,0.117054075,Low Risk,Withdrawal_Ratio
CID00452,0.11689339,Low Risk,PnL_Percent
CID01527,0.1168493,Low Risk,Email_Open_Rate
CID00472,0.11670448,Low Risk,Win_Rate
CID01547,0.11668235,Low Risk,Win_Rate
CID01905,0.11659439,Low Risk,Account_Age
CID01493,0.116571754,Low Risk,PnL_Percent
CID01479,0.11651673,Low Risk,Engagement_Score
CID01572,0.116260655,Low Risk,Win_Rate
CID00447,0.11625622,Low Risk,PnL_Percent
CID01050,0.11588667,Low Risk,Drawdown
CID01546,0.115815684,Low Risk,PnL_Percent
CID01949,0.11579878,Low Risk,Withdrawals
CID00819,0.115785465,Low Risk,Avg_Trade_Return
CID01776,0.11574417,Low Risk,Win_Rate
CID00625,0.11556041,Low Risk,Withdrawal_Ratio
CID00238,0.11538437,Low Risk,Win_Rate
CID00457,0.11535109,Low Risk,Win_Rate
CID00382,0.11530426,Low Risk,Email_Open_Rate
CID01593,0.11527759,Low Risk,Win_Rate
CID00637,0.11498487,Low Risk,Push_Click_Rate
CID01265,0.11494597,Low Risk,Avg_Trade_Return
CID00535,0.11483346,Low Risk,Win_Rate
CID01992,0.114579834,Low Risk,Withdrawal_Ratio
CID00414,0.11457513,Low Risk,Account_Age
CID01187,0.11451094,Low Risk,PnL_Percent
CID00560,0.11450926,Low Risk,Email_Open_Rate
CID01926,0.11438093,Low Risk,Engagement_Score
CID00784,0.11437407,Low Risk,PnL_Percent
CID00971,0.114195034,Low Risk,Email_Open_Rate
CID00911,0.11415969,Low Risk,PnL_Percent
CID00146,0.11412979,Low Risk,Win_Rate
CID00245,0.11380292,Low Risk,Email_Open_Rate
CID01790,0.11356465,Low Risk,Withdrawal_Ratio
CID01964,0.11349483,Low Risk,Account_Age
CID01621,0.113464914,Low Risk,Drawdown
CID00308,0.11343884,Low Risk,Win_Rate
CID00893,0.113196604,Low Risk,Withdrawal_Ratio
CID01056,0.11316129,Low Risk,Login_Drop_Percent
CID00068,0.11313862,Low Risk,Withdrawal_Ratio
CID00607,0.11310109,Low Risk,Account_Age
CID00469,0.11274805,Low Risk,Email_Open_Rate
CID01253,0.11219147,Low Risk,Win_Rate
CID00486,0.11200324,Low Risk,Account_Age
CID00685,0.11185904,Low Risk,Avg_Trade_Return
CID00711,0.111634135,Low Risk,Account_Age
CID00003,0.111523695,Low Risk,Email_Open_Rate
CID00067,0.11136217,Low Risk,Win_Rate
CID00442,0.111269355,Low Risk,Win_Rate
CID00533,0.11122106,Low Risk,Engagement_Score
CID00425,0.111170225,Low Risk,Engagement_Score
CID01982,0.11113318,Low Risk,Login_Drop_Percent
CID01557,0.11096919,Low Risk,Avg_Trade_Return
CID00635,0.11091707,Low Risk,Win_Rate
CID01786,0.11080738,Low Risk,Email_Open_Rate
CID00889,0.11071679,Low Risk,Account_Age
CID01394,0.11070557,Low Risk,Win_Rate
CID01919,0.11052745,Low Risk,Withdrawal_Ratio
CID01099,0.11049203,Low Risk,Win_Rate
CID01397,0.11040599,Low Risk,Win_Rate
CID00837,0.110400766,Low Risk,PnL_Percent
CID00035,0.11037743,Low Risk,Engagement_Score
CID01357,0.110367104,Low Risk,Win_Rate
CID00836,0.11025444,Low Risk,Win_Rate
CID00592,0.110206194,Low Risk,Portfolio_Value
CID00303,0.11017143,Low Risk,Win_Rate
CID00386,0.10985638,Low Risk,Email_Open_Rate
CID01171,0.10971593,Low Risk,PnL_Percent
CID01288,0.109610334,Low Risk,Win_Rate
CID00458,0.10950292,Low Risk,Email_Open_Rate
CID00456,0.10949513,Low Risk,Avg_Trade_Return
CID01215,0.109448634,Low Risk,Win_Rate
CID01855,0.10936431,Low Risk,Withdrawal_Ratio
CID00178,0.10931046,Low Risk,Email_Open_Rate
CID01379,0.10922625,Low Risk,Withdrawal_Ratio
CID01210,0.109147236,Low Risk,Win_Rate
CID01263,0.10910063,Low Risk,Withdrawal_Ratio
CID00470,0.10899929,Low Risk,Win_Rate
CID01553,0.108984515,Low Risk,Email_Open_Rate
CID00548,0.108978845,Low Risk,Push_Click_Rate
CID00413,0.10897125,Low Risk,Email_Open_Rate
CID00707,0.108969145,Low Risk,Win_Rate
CID00566,0.108795226,Low Risk,PnL_Percent
CID01738,0.10875474,Low Risk,Withdrawal_Ratio
CID00373,0.108728945,Low Risk,PnL_Percent
CID01093,0.108686745,Low Risk,Withdrawal_Ratio
CID00510,0.108548194,Low Risk,Account_Age
CID01782,0.108429044,Low Risk,PnL_Percent
CID01480,0.10836768,Low Risk,Withdrawal_Ratio
CID00666,0.10824227,Low Risk,Email_Open_Rate
CID01338,0.10814004,Low Risk,Win_Rate
CID01610,0.10804255,Low Risk,Engagement_Score
CID01048,0.10794706,Low Risk,Avg_Trade_Return
CID00453,0.10787203,Low Risk,Portfolio_Value
CID01358,0.10784181,Low Risk,Email_Open_Rate
CID00087,0.10775834,Low Risk,Login_Drop_Percent
CID00239,0.10768469,Low Risk,Win_Rate
CID00562,0.10766332,Low Risk,Win_Rate
CID00493,0.107430704,Low Risk,PnL_Percent
CID01583,0.10740147,Low Risk,Engagement_Score
CID00179,0.10735689,Low Risk,Withdrawals
CID01143,0.1072985,Low Risk,Email_Open_Rate
CID01563,0.106983095,Low Risk,Engagement_Score
CID00628,0.106924415,Low Risk,Deposits
CID01454,0.10685149,Low Risk,PnL_Percent
CID01894,0.10681432,Low Risk,Win_Rate
CID01681,0.10670873,Low Risk,Win_Rate
CID01237,0.10658661,Low Risk,Win_Rate
CID00589,0.10654081,Low Risk,Engagement_Score
CID01415,0.106539644,Low Risk,Win_Rate
CID00736,0.10650531,Low Risk,Login_Drop_Percent
CID00345,0.10617045,Low Risk,Engagement_Score
CID00913,0.10598707,Low Risk,Withdrawal_Ratio
CID00929,0.105875336,Low Risk,Push_Click_Rate
CID01716,0.10585814,Low Risk,Win_Rate
CID01222,0.10585349,Low Risk,Win_Rate
CID00974,0.10563923,Low Risk,Withdrawals
CID01785,0.10558416,Low Risk,Engagement_Score
CID00032,0.10555708,Low Risk,Win_Rate
CID01073,0.105532706,Low Risk,Engagement_Score
CID01666,0.105525926,Low Risk,Avg_Trade_Return
CID00069,0.10547523,Low Risk,Login_Drop_Percent
CID01129,0.105468184,Low Risk,Win_Rate
CID00317,0.10537917,Low Risk,Withdrawal_Ratio
CID01578,0.10534257,Low Risk,Win_Rate
CID01316,0.105272,Low Risk,Email_Open_Rate
CID01159,0.10524392,Low Risk,Login_30D
CID00131,0.10522958,Low Risk,PnL_Percent
CID01306,0.10517192,Low Risk,Email_Open_Rate
CID01091,0.10510451,Low Risk,Login_Drop_Percent
CID01165,0.10508634,Low Risk,Withdrawals
CID01435,0.104690954,Low Risk,Engagement_Score
CID01575,0.10460316,Low Risk,Withdrawal_Ratio
CID00652,0.104595765,Low Risk,Withdrawal_Ratio
CID01244,0.10444197,Low Risk,Win_Rate
CID00117,0.10439484,Low Risk,Win_Rate
CID00673,0.104315534,Low Risk,Email_Open_Rate
CID00291,0.10422407,Low Risk,PnL_Percent
CID01534,0.10397868,Low Risk,Account_Age
CID00886,0.103978015,Low Risk,PnL_Percent
CID00278,0.103786275,Low Risk,Deposits
CID01149,0.103740975,Low Risk,PnL_Percent
CID01797,0.10365917,Low Risk,Win_Rate
CID00484,0.10364691,Low Risk,Avg_Trade_Return
CID01980,0.10323044,Low Risk,Win_Rate
CID00871,0.10318459,Low Risk,Win_Rate
CID00300,0.103104584,Low Risk,Win_Rate
CID01216,0.10310344,Low Risk,Withdrawal_Ratio
CID01715,0.10306328,Low Risk,Win_Rate
CID00996,0.1030508,Low Risk,Account_Age
CID01627,0.10303379,Low Risk,Win_Rate
CID01806,0.10292468,Low Risk,Email_Open_Rate
CID00668,0.10277384,Low Risk,Win_Rate
CID01290,0.102720186,Low Risk,Win_Rate
CID00338,0.10259807,Low Risk,Account_Age
CID01467,0.10248712,Low Risk,Email_Open_Rate
CID00402,0.1024471,Low Risk,Win_Rate
CID00380,0.10219497,Low Risk,Win_Rate
CID01769,0.1020886,Low Risk,Engagement_Score
CID00161,0.10206227,Low Risk,Withdrawal_Ratio
CID01755,0.10194259,Low Risk,Email_Open_Rate
CID00334,0.10188463,Low Risk,Win_Rate
CID00084,0.10168142,Low Risk,Account_Age
CID00682,0.10162416,Low Risk,Win_Rate
CID01074,0.101601094,Low Risk,Avg_Trade_Return
CID01080,0.10146889,Low Risk,Avg_Trade_Return
CID00852,0.101308145,Low Risk,Win_Rate
CID00873,0.10130344,Low Risk,Login_Drop_Percent
CID01576,0.101184726,Low Risk,Avg_Trade_Return
CID00064,0.10107989,Low Risk,Avg_Trade_Return
CID00128,0.10107478,Low Risk,Withdrawals
CID00172,0.10103283,Low Risk,PnL_Percent
CID00674,0.100876376,Low Risk,Win_Rate
CID00364,0.10084673,Low Risk,Account_Age
CID01724,0.10074437,Low Risk,Account_Age
CID01678,0.10070921,Low Risk,Withdrawals
CID01465,0.10068408,Low Risk,Win_Rate
CID00151,0.10066461,Low Risk,Email_Open_Rate
CID01296,0.10055008,Low Risk,Win_Rate
CID01226,0.10043005,Low Risk,Email_Open_Rate
CID00065,0.100337,Low Risk,Withdrawals
CID00771,0.10028265,Low Risk,Email_Open_Rate
CID00243,0.10027759,Low Risk,Avg_Trade_Return
CID00183,0.100271896,Low Risk,Email_Open_Rate
CID01635,0.10017592,Low Risk,PnL_Percent
CID01721,0.10010592,Low Risk,Account_Age
CID00406,0.100001976,Low Risk,Win_Rate
CID00845,0.09999978,Low Risk,Account_Age
CID00415,0.099947006,Low Risk,Win_Rate
CID01201,0.09987199,Low Risk,Email_Open_Rate
CID00039,0.099861115,Low Risk,Win_Rate
CID00921,0.09985698,Low Risk,Email_Open_Rate
CID01313,0.09971337,Low Risk,Win_Rate
CID00075,0.0996699,Low Risk,Email_Open_Rate
CID01135,0.09963525,Low Risk,Deposits
CID01318,0.09954246,Low Risk,PnL_Percent
CID01164,0.09948861,Low Risk,Portfolio_Value
CID01961,0.0994526,Low Risk,Account_Age
CID00002,0.09941504,Low Risk,Win_Rate
CID01823,0.09940689,Low Risk,Email_Open_Rate
CID00033,0.09917056,Low Risk,PnL_Percent
CID01227,0.09915839,Low Risk,PnL_Percent
CID00633,0.09910376,Low Risk,Engagement_Score
CID01956,0.09904843,Low Risk,Invested_Amount
CID01030,0.098914854,Low Risk,Win_Rate
CID01300,0.09869096,Low Risk,Win_Rate
CID01063,0.09855314,Low Risk,Win_Rate
CID01830,0.09855166,Low Risk,Engagement_Score
CID01834,0.09843353,Low Risk,Win_Rate
CID00648,0.09821274,Low Risk,Win_Rate
CID00224,0.09820744,Low Risk,Drawdown
CID00134,0.097930215,Low Risk,Win_Rate
CID00120,0.09783822,Low Risk,Win_Rate
CID00109,0.09773926,Low Risk,PnL_Percent
CID00170,0.09769831,Low Risk,Login_Drop_Percent
CID01184,0.09765421,Low Risk,Win_Rate
CID00769,0.09752472,Low Risk,Login_Drop_Percent
CID00341,0.097479865,Low Risk,Win_Rate
CID00056,0.09743906,Low Risk,Avg_Trade_Return
CID01899,0.097432,Low Risk,Win_Rate
CID00829,0.09730791,Low Risk,PnL_Percent
CID01843,0.09725289,Low Risk,PnL_Percent
CID01607,0.09724138,Low Risk,Withdrawal_Ratio
CID01384,0.09722129,Low Risk,Engagement_Score
CID01710,0.097096205,Low Risk,Login_Drop_Percent
CID01158,0.09703707,Low Risk,Win_Rate
CID01489,0.09698907,Low Risk,Withdrawal_Ratio
CID01424,0.09688399,Low Risk,Engagement_Score
CID01516,0.09682524,Low Risk,Email_Open_Rate
CID01095,0.096752934,Low Risk,PnL_Percent
CID01821,0.0967497,Low Risk,PnL_Percent
CID01987,0.09671013,Low Risk,Login_Drop_Percent
CID01930,0.09652121,Low Risk,Avg_Trade_Return
CID00787,0.096306615,Low Risk,Win_Rate
CID00529,0.096221305,Low Risk,Login_Drop_Percent
CID00587,0.09618739,Low Risk,Win_Rate
CID00531,0.096173696,Low Risk,Withdrawals
CID00460,0.096072026,Low Risk,Email_Open_Rate
CID01612,0.09603478,Low Risk,PnL_Percent
CID01927,0.09590326,Low Risk,Login_Drop_Percent
CID01275,0.09575548,Low Risk,Email_Open_Rate
CID00494,0.09552683,Low Risk,Engagement_Score
CID00509,0.09550069,Low Risk,Engagement_Score
CID01356,0.095500335,Low Risk,Avg_Trade_Return
CID01428,0.09543221,Low Risk,PnL_Percent
CID01425,0.095425054,Low Risk,Email_Open_Rate
CID01686,0.0954247,Low Risk,Win_Rate
CID00320,0.095358044,Low Risk,Engagement_Score
CID01761,0.09523798,Low Risk,Engagement_Score
CID01793,0.09509568,Low Risk,Withdrawals
CID01587,0.09508965,Low Risk,Email_Open_Rate
CID01618,0.09506822,Low Risk,Email_Open_Rate
CID00574,0.09505798,Low Risk,PnL_Percent
CID00816,0.09501777,Low Risk,Win_Rate
CID01128,0.094965026,Low Risk,Win_Rate
CID00899,0.094910555,Low Risk,Avg_Trade_Return
CID00712,0.09483485,Low Risk,Withdrawals
CID01053,0.09452051,Low Risk,Win_Rate
CID01652,0.0944086,Low Risk,Email_Open_Rate
CID01059,0.09438799,Low Risk,PnL_Percent
CID00122,0.09430076,Low Risk,Withdrawal_Ratio
CID00656,0.094117515,Low Risk,Withdrawal_Ratio
CID01688,0.094072215,Low Risk,Win_Rate
CID00094,0.09398202,Low Risk,Win_Rate
CID00443,0.093972534,Low Risk,Deposits
CID00284,0.09396807,Low Risk,Withdrawal_Ratio
CID00514,0.09391143,Low Risk,Email_Open_Rate
CID01228,0.09386709,Low Risk,Withdrawal_Ratio
CID00730,0.09370337,Low Risk,Win_Rate
CID00846,0.09366026,Low Risk,Win_Rate
CID01391,0.093617514,Low Risk,Withdrawals
CID01727,0.093546025,Low Risk,Deposits
CID01707,0.09342421,Low Risk,Win_Rate
CID01875,0.0934213,Low Risk,Withdrawal_Ratio
CID00727,0.09341761,Low Risk,Win_Rate
CID00747,0.093252,Low Risk,Withdrawals
CID00579,0.09319332,Low Risk,Withdrawal_Ratio
CID00568,0.09314906,Low Risk,Withdrawals
CID01807,0.0930903,Low Risk,Email_Open_Rate
CID00549,0.09294963,Low Risk,Email_Open_Rate
CID00226,0.09294762,Low Risk,Withdrawals
CID01501,0.09292068,Low Risk,Win_Rate
CID01385,0.092914656,Low Risk,Deposits
CID00609,0.0928525,Low Risk,PnL_Percent
CID00249,0.0927457,Low Risk,PnL_Percent
CID00306,0.092652075,Low Risk,Win_Rate
CID01449,0.09261493,Low Risk,Account_Age
CID00368,0.09245308,Low Risk,Email_Open_Rate
CID01714,0.09234345,Low Risk,Account_Age
CID01973,0.09218603,Low Risk,Avg_Trade_Return
CID01236,0.09216972,Low Risk,Engagement_Score
CID01205,0.0921403,Low Risk,Engagement_Score
CID01371,0.09189437,Low Risk,Email_Open_Rate
CID01268,0.09188504,Low Risk,Win_Rate
CID01440,0.09186306,Low Risk,Account_Age
CID00853,0.091671646,Low Risk,Account_Age
CID01173,0.09164169,Low Risk,Avg_Trade_Return
CID01876,0.091456264,Low Risk,Win_Rate
CID01519,0.091252044,Low Risk,Win_Rate
CID00841,0.09113422,Low Risk,Email_Open_Rate
CID00223,0.09109896,Low Risk,Withdrawals
CID00268,0.09108178,Low Risk,Engagement_Score
CID01965,0.09089575,Low Risk,Win_Rate
CID01448,0.090818316,Low Risk,Avg_Trade_Return
CID01240,0.0907361,Low Risk,Engagement_Score
CID00501,0.09068577,Low Risk,Email_Open_Rate
CID00765,0.090632685,Low Risk,Win_Rate
CID01551,0.0906216,Low Risk,Engagement_Score
CID01293,0.09060754,Low Risk,Withdrawals
CID01352,0.09057173,Low Risk,Email_Open_Rate
CID01160,0.09054455,Low Risk,Email_Open_Rate
CID01794,0.090503134,Low Risk,Win_Rate
CID01680,0.090501584,Low Risk,Withdrawal_Ratio
CID01297,0.09049089,Low Risk,PnL_Percent
CID00287,0.090484254,Low Risk,Win_Rate
CID00115,0.09041528,Low Risk,Account_Age
CID00310,0.09039303,Low Risk,PnL_Percent
CID00500,0.090356804,Low Risk,Win_Rate
CID00041,0.090239175,Low Risk,PnL_Percent
CID01088,0.08977222,Low Risk,Login_Drop_Percent
CID01251,0.08976246,Low Risk,Email_Open_Rate
CID01401,0.08972964,Low Risk,Engagement_Score
CID00956,0.089716725,Low Risk,Engagement_Score
CID01650,0.0896467,Low Risk,Email_Open_Rate
CID01902,0.089615025,Low Risk,Win_Rate
CID00111,0.089558646,Low Risk,Avg_Trade_Return
CID01737,0.089498505,Low Risk,Engagement_Score
CID01055,0.08944657,Low Risk,Win_Rate
CID01868,0.08934165,Low Risk,Withdrawal_Ratio
CID00973,0.089314625,Low Risk,PnL_Percent
CID01499,0.08926345,Low Risk,Win_Rate
CID01416,0.08923827,Low Risk,Drawdown
CID01036,0.08913558,Low Risk,Withdrawal_Ratio
CID01639,0.08911325,Low Risk,Withdrawal_Ratio
CID00964,0.08909976,Low Risk,Withdrawal_Ratio
CID00089,0.089064896,Low Risk,Account_Age
CID00581,0.08889436,Low Risk,Email_Open_Rate
CID01594,0.08887416,Low Risk,Win_Rate
CID01781,0.08882448,Low Risk,Avg_Trade_Return
CID00225,0.088544875,Low Risk,Email_Open_Rate
CID00576,0.08848884,Low Risk,Win_Rate
CID00230,0.088448055,Low Risk,Engagement_Score
CID01040,0.08842903,Low Risk,Engagement_Score
CID00148,0.08807941,Low Risk,Email_Open_Rate
CID01359,0.08797596,Low Risk,Win_Rate
CID01614,0.08793353,Low Risk,Win_Rate
CID00408,0.087929584,Low Risk,Win_Rate
CID01822,0.08781047,Low Risk,Win_Rate
CID01220,0.08760514,Low Risk,Win_Rate
CID01437,0.08759642,Low Risk,Engagement_Score
CID00605,0.08756424,Low Risk,Win_Rate
CID01221,0.0874597,Low Risk,Win_Rate
CID01169,0.08744653,Low Risk,Login_Drop_Percent
CID01382,0.08744132,Low Risk,Email_Open_Rate
CID00454,0.08739352,Low Risk,Win_Rate
CID01154,0.087308995,Low Risk,Withdrawals
CID00438,0.08729053,Low Risk,Withdrawals
CID00321,0.08704816,Low Risk,Withdrawals
CID01028,0.08700768,Low Risk,Deposits
CID00654,0.086761326,Low Risk,Win_Rate
CID01023,0.08661092,Low Risk,Win_Rate
CID00305,0.08642652,Low Risk,Withdrawal_Ratio
CID01951,0.08625449,Low Risk,Win_Rate
CID01568,0.08617718,Low Risk,Avg_Trade_Return
CID01983,0.08605982,Low Risk,Email_Open_Rate
CID00776,0.086008854,Low Risk,Withdrawal_Ratio
CID00689,0.08598668,Low Risk,Win_Rate
CID00350,0.085879974,Low Risk,Login_Drop_Percent
CID00839,0.08579614,Low Risk,PnL_Percent
CID01471,0.08577073,Low Risk,Win_Rate
CID00894,0.08573542,Low Risk,Win_Rate
CID01003,0.085652255,Low Risk,Win_Rate
CID00621,0.08559338,Low Risk,Win_Rate
CID01507,0.08558223,Low Risk,Withdrawals
CID01892,0.085485816,Low Risk,Engagement_Score
CID00523,0.08540882,Low Risk,Engagement_Score
CID00766,0.0853548,Low Risk,Win_Rate
CID01810,0.08530532,Low Risk,Win_Rate
CID00594,0.085298546,Low Risk,Avg_Trade_Return
CID01133,0.08520941,Low Risk,Win_Rate
CID00612,0.08513904,Low Risk,Win_Rate
CID00477,0.08483488,Low Risk,Deposits
CID00050,0.08480555,Low Risk,Withdrawals
CID01543,0.08465161,Low Risk,Email_Open_Rate
CID00796,0.084641024,Low Risk,Deposits
CID01860,0.08460704,Low Risk,Withdrawals
CID00882,0.08442015,Low Risk,Email_Open_Rate
CID01498,0.08429979,Low Risk,Withdrawal_Ratio
CID01060,0.08428891,Low Risk,Drawdown
CID00741,0.08422456,Low Risk,Login_Drop_Percent
CID01233,0.0842166,Low Risk,Withdrawals
CID01936,0.08408507,Low Risk,Avg_Trade_Return
CID00461,0.08404656,Low Risk,Win_Rate
CID00660,0.083730675,Low Risk,Withdrawal_Ratio
CID01900,0.083660446,Low Risk,Withdrawal_Ratio
CID01693,0.083653934,Low Risk,Win_Rate
CID01815,0.083587565,Low Risk,Login_Drop_Percent
CID01332,0.08356702,Low Risk,Withdrawal_Ratio
CID00588,0.08349369,Low Risk,Email_Open_Rate
CID01258,0.083121076,Low Risk,Withdrawals
CID00171,0.08312094,Low Risk,Email_Open_Rate
CID00370,0.083015904,Low Risk,Engagement_Score
CID01857,0.08297541,Low Risk,Email_Open_Rate
CID01528,0.08295493,Low Risk,Win_Rate
CID00200,0.08292869,Low Risk,Avg_Trade_Return
CID01198,0.082857996,Low Risk,Avg_Trade_Return
CID00399,0.08283028,Low Risk,Email_Open_Rate
CID01954,0.08279861,Low Risk,Account_Age
CID01341,0.0826191,Low Risk,Win_Rate
CID01872,0.082456805,Low Risk,Withdrawals
CID01871,0.082140595,Low Risk,Login_Drop_Percent
CID00538,0.082083166,Low Risk,Email_Open_Rate
CID00622,0.082065344,Low Risk,Engagement_Score
CID01833,0.08206107,Low Risk,Account_Age
CID01808,0.08204353,Low Risk,Portfolio_Value
CID00775,0.082036145,Low Risk,Withdrawal_Ratio
CID00961,0.08202867,Low Risk,Email_Open_Rate
CID01631,0.08188436,Low Risk,Withdrawal_Ratio
CID01713,0.08177885,Low Risk,Withdrawal_Ratio
CID01809,0.08169897,Low Risk,Win_Rate
CID01539,0.08158376,Low Risk,Engagement_Score
CID01861,0.08125376,Low Risk,Login_Drop_Percent
CID01950,0.08119527,Low Risk,Email_Open_Rate
CID00842,0.081155226,Low Risk,Email_Open_Rate
CID00076,0.0807805,Low Risk,Withdrawals
CID01958,0.08060538,Low Risk,Engagement_Score
CID01795,0.080595575,Low Risk,Withdrawals
CID00693,0.08051138,Low Risk,Win_Rate
CID00750,0.08050062,Low Risk,Drawdown
CID01511,0.080140315,Low Risk,Withdrawals
CID01224,0.08009839,Low Risk,Email_Open_Rate
CID00347,0.0797485,Low Risk,Win_Rate
CID01643,0.07970342,Low Risk,Win_Rate
CID00672,0.0795869,Low Risk,Win_Rate
CID00030,0.07935995,Low Risk,Win_Rate
CID00667,0.07935194,Low Risk,Win_Rate
CID00432,0.07931239,Low Risk,Win_Rate
CID00949,0.07930257,Low Risk,PnL_Percent
CID00378,0.07929237,Low Risk,Withdrawals
CID01613,0.079143085,Low Risk,Win_Rate
CID01864,0.07906037,Low Risk,Win_Rate
CID01929,0.07882523,Low Risk,Engagement_Score
CID00879,0.07878568,Low Risk,Engagement_Score
CID01247,0.078622535,Low Risk,Email_Open_Rate
CID01047,0.07860525,Low Risk,Win_Rate
CID00372,0.078435324,Low Risk,Account_Age
CID00377,0.078392535,Low Risk,Login_Drop_Percent
CID00888,0.07828919,Low Risk,Login_Drop_Percent
CID00931,0.07810913,Low Risk,Avg_Trade_Return
CID01524,0.07807389,Low Risk,Withdrawal_Ratio
CID00655,0.078045994,Low Risk,PnL_Percent
CID01245,0.0780341,Low Risk,Win_Rate
CID00559,0.07800677,Low Risk,Win_Rate
CID01497,0.07776528,Low Risk,Email_Open_Rate
CID00192,0.07772295,Low Risk,Win_Rate
CID01250,0.077399805,Low Risk,Withdrawal_Ratio
CID00444,0.077288404,Low Risk,Email_Open_Rate
CID00599,0.07720379,Low Risk,Win_Rate
CID00748,0.07705862,Low Risk,Win_Rate
CID01339,0.07705678,Low Risk,Win_Rate
CID00429,0.07705558,Low Risk,Win_Rate
CID00397,0.07702413,Low Risk,Win_Rate
CID00528,0.07690711,Low Risk,Withdrawal_Ratio
CID01066,0.076900445,Low Risk,Win_Rate
CID00280,0.07664012,Low Risk,Email_Open_Rate
CID01772,0.07658811,Low Risk,Win_Rate
CID00258,0.07657292,Low Risk,Engagement_Score
CID00728,0.076532565,Low Risk,Win_Rate
CID00721,0.07644647,Low Risk,Email_Open_Rate
CID00141,0.07642594,Low Risk,Win_Rate
CID01960,0.07636259,Low Risk,Win_Rate
CID00582,0.076280296,Low Risk,Engagement_Score
CID00561,0.07625512,Low Risk,Win_Rate
CID00435,0.076217845,Low Risk,Win_Rate
CID01502,0.07620309,Low Risk,Win_Rate
CID00914,0.07605722,Low Risk,Email_Open_Rate
CID00808,0.07575739,Low Risk,Withdrawal_Ratio
CID01189,0.07571266,Low Risk,Win_Rate
CID01145,0.075664856,Low Risk,Win_Rate
CID01904,0.07551044,Low Risk,Account_Age
CID01157,0.07536025,Low Risk,Email_Open_Rate
CID00598,0.07518172,Low Risk,Engagement_Score
CID01374,0.07518085,Low Risk,PnL_Percent
CID01329,0.075180314,Low Risk,Win_Rate
CID01292,0.07516221,Low Risk,PnL_Percent
CID00585,0.07497727,Low Risk,Email_Open_Rate
CID01062,0.07496533,Low Risk,Win_Rate
CID01509,0.0747887,Low Risk,Win_Rate
CID01020,0.07470678,Low Risk,PnL_Percent
CID01148,0.07449648,Low Risk,Engagement_Score
CID01719,0.0743919,Low Risk,Engagement_Score
CID00256,0.07431507,Low Risk,Withdrawal_Ratio
CID00992,0.07429662,Low Risk,Withdrawal_Ratio
CID00661,0.074143335,Low Risk,Email_Open_Rate
CID01302,0.074078225,Low Risk,Email_Open_Rate
CID00329,0.07401104,Low Risk,Engagement_Score
CID00683,0.07386934,Low Risk,Email_Open_Rate
CID00336,0.07385415,Low Risk,Email_Open_Rate
CID01741,0.07368121,Low Risk,Email_Open_Rate
CID01914,0.07365966,Low Risk,PnL_Percent
CID01867,0.073454894,Low Risk,Login_Drop_Percent
CID00786,0.07342952,Low Risk,Withdrawals
CID01255,0.07334471,Low Risk,Withdrawals
CID00113,0.07307252,Low Risk,Withdrawals
CID01978,0.073056296,Low Risk,PnL_Percent
CID00177,0.073017895,Low Risk,Withdrawals
CID01626,0.0727752,Low Risk,Win_Rate
CID01687,0.0727014,Low Risk,Engagement_Score
CID01923,0.07269284,Low Risk,Win_Rate
CID01672,0.072576426,Low Risk,Engagement_Score
CID01366,0.072425306,Low Risk,Win_Rate
CID01004,0.07220263,Low Risk,Withdrawals
CID00013,0.07209109,Low Risk,Engagement_Score
CID00798,0.07190113,Low Risk,Withdrawals
CID01882,0.07187116,Low Risk,PnL_Percent
CID00394,0.071811624,Low Risk,Withdrawals
CID00757,0.071687624,Low Risk,PnL_Percent
CID00935,0.07167101,Low Risk,Win_Rate
CID01911,0.07165623,Low Risk,Withdrawals
CID00603,0.07149448,Low Risk,Engagement_Score
CID00938,0.07130683,Low Risk,Account_Age
CID00962,0.07120706,Low Risk,Email_Open_Rate
CID01645,0.07115522,Low Risk,Login_Drop_Percent
CID00756,0.07109369,Low Risk,Engagement_Score
CID01856,0.07103703,Low Risk,PnL_Percent
CID00733,0.07101175,Low Risk,Win_Rate
CID00074,0.07097543,Low Risk,Drawdown
CID00679,0.070547655,Low Risk,PnL_Percent
CID00222,0.07046587,Low Risk,Win_Rate
CID00018,0.070455156,Low Risk,Win_Rate
CID00768,0.070432805,Low Risk,Win_Rate
CID00608,0.07041137,Low Risk,Win_Rate
CID00062,0.07036548,Low Risk,PnL_Percent
CID00822,0.07036438,Low Risk,Email_Open_Rate
CID00590,0.07030312,Low Risk,Withdrawals
CID00602,0.070080884,Low Risk,Withdrawal_Ratio
CID01595,0.07008003,Low Risk,Email_Open_Rate
CID00215,0.070062906,Low Risk,Email_Open_Rate
CID01002,0.07001269,Low Risk,Engagement_Score
CID01896,0.06993426,Low Risk,Win_Rate
CID00788,0.0698893,Low Risk,Portfolio_Value
CID01766,0.069773935,Low Risk,Win_Rate
CID01445,0.06974027,Low Risk,Win_Rate
CID01315,0.06966557,Low Risk,PnL_Percent
CID01955,0.069647744,Low Risk,Login_Drop_Percent
CID01182,0.06953163,Low Risk,Win_Rate
CID00578,0.06938399,Low Risk,Withdrawal_Ratio
CID00691,0.06937073,Low Risk,Push_Click_Rate
CID01168,0.06930636,Low Risk,Email_Open_Rate
CID01674,0.068523616,Low Risk,Withdrawal_Ratio
CID01962,0.06846786,Low Risk,Email_Open_Rate
CID00281,0.06833223,Low Risk,Win_Rate
CID00309,0.068264835,Low Risk,Win_Rate
CID01915,0.068138346,Low Risk,Win_Rate
CID01370,0.068058975,Low Risk,Email_Open_Rate
CID01945,0.06799884,Low Risk,Engagement_Score
CID00979,0.06785233,Low Risk,Login_Drop_Percent
CID00417,0.06781478,Low Risk,Login_Drop_Percent
CID01784,0.06777741,Low Risk,Email_Open_Rate
CID01585,0.06756237,Low Risk,Withdrawals
CID01689,0.06754645,Low Risk,Login_Drop_Percent
CID00915,0.06724394,Low Risk,Withdrawals
CID01281,0.06710175,Low Risk,Withdrawal_Ratio
CID00925,0.06708761,Low Risk,PnL_Percent
CID01853,0.06696538,Low Risk,Engagement_Score
CID01257,0.066906616,Low Risk,Deposits
CID00046,0.066655554,Low Risk,Email_Open_Rate
CID01152,0.06647704,Low Risk,Email_Open_Rate
CID01845,0.06640833,Low Risk,PnL_Percent
CID00428,0.06625235,Low Risk,PnL_Percent
CID00797,0.06619573,Low Risk,Win_Rate
CID00416,0.06617662,Low Risk,Deposits
CID00031,0.06589788,Low Risk,Withdrawals
CID01132,0.06581633,Low Risk,Withdrawal_Ratio
CID00960,0.06553044,Low Risk,Login_Drop_Percent
CID01249,0.065448485,Low Risk,Withdrawals
CID01633,0.06534516,Low Risk,Withdrawals
CID00279,0.06533174,Low Risk,Avg_Trade_Return
CID00953,0.06522233,Low Risk,Email_Open_Rate
CID00314,0.065125294,Low Risk,Email_Open_Rate
CID00008,0.06492119,Low Risk,Withdrawals
CID00723,0.06467936,Low Risk,Email_Open_Rate
CID00907,0.06458968,Low Risk,Withdrawals
CID00331,0.06443227,Low Risk,Email_Open_Rate
CID01208,0.06432231,Low Risk,Login_Drop_Percent
CID01850,0.06413246,Low Risk,Win_Rate
CID01167,0.063715346,Low Risk,Win_Rate
CID00156,0.063493714,Low Risk,Withdrawals
CID00697,0.06344144,Low Risk,Login_Drop_Percent
CID01760,0.06337368,Low Risk,Win_Rate
CID00944,0.063290894,Low Risk,Email_Open_Rate
CID01156,0.06323986,Low Risk,Withdrawal_Ratio
CID00892,0.063179545,Low Risk,Withdrawals
CID00521,0.06307964,Low Risk,Withdrawal_Ratio
CID00596,0.06304241,Low Risk,PnL_Percent
CID00818,0.06302809,Low Risk,Email_Open_Rate
CID01898,0.062875606,Low Risk,Win_Rate
CID01533,0.062831506,Low Risk,Win_Rate
CID00199,0.0626486,Low Risk,Email_Open_Rate
CID01098,0.06255002,Low Risk,Withdrawal_Ratio
CID01076,0.06233006,Low Risk,Email_Open_Rate
CID00168,0.062283818,Low Risk,Withdrawals
CID00206,0.06227557,Low Risk,Withdrawal_Ratio
CID00704,0.062227275,Low Risk,Login_Drop_Percent
CID01468,0.06192895,Low Risk,Withdrawals
CID01365,0.061788455,Low Risk,Withdrawals
CID00630,0.061625697,Low Risk,Account_Age
CID00534,0.061299227,Low Risk,Withdrawals
CID00274,0.061226454,Low Risk,Withdrawals
CID00381,0.060888305,Low Risk,PnL_Percent
CID00155,0.06078421,Low Risk,Login_Drop_Percent
CID00680,0.06071797,Low Risk,Email_Open_Rate
CID00746,0.06071413,Low Risk,Withdrawal_Ratio
CID01813,0.060591016,Low Risk,Withdrawal_Ratio
CID01223,0.060436837,Low Risk,Email_Open_Rate
CID00181,0.060120847,Low Risk,Engagement_Score
CID01314,0.059907276,Low Risk,Withdrawals
CID01508,0.059791557,Low Risk,Withdrawals
CID01608,0.05968647,Low Risk,Engagement_Score
CID01989,0.059396952,Low Risk,Win_Rate
CID00093,0.05922526,Low Risk,Win_Rate
CID00811,0.05918644,Low Risk,Win_Rate
CID01412,0.05915745,Low Risk,Withdrawal_Ratio
CID00240,0.059088245,Low Risk,Withdrawals
CID00375,0.058362555,Low Risk,Login_Drop_Percent
CID00826,0.058297914,Low Risk,Engagement_Score
CID01656,0.058134142,Low Risk,PnL_Percent
CID01605,0.058101356,Low Risk,Withdrawals
CID01307,0.058066268,Low Risk,Win_Rate
CID00508,0.057675943,Low Risk,Login_Drop_Percent
CID01295,0.05742332,Low Risk,Withdrawal_Ratio
CID00026,0.057322133,Low Risk,PnL_Percent
CID01668,0.05725862,Low Risk,Email_Open_Rate
CID00934,0.057189588,Low Risk,Login_Drop_Percent
CID00098,0.05682342,Low Risk,Engagement_Score
CID01702,0.056797393,Low Risk,Email_Open_Rate
CID01504,0.05585004,Low Risk,Win_Rate
CID01363,0.05577915,Low Risk,Withdrawals
CID01671,0.05571128,Low Risk,Withdrawals
CID00229,0.05554554,Low Risk,Email_Open_Rate
CID00613,0.05544655,Low Risk,Withdrawals
CID01276,0.055378124,Low Risk,Withdrawals
CID00043,0.055203788,Low Risk,Email_Open_Rate
CID00051,0.055104624,Low Risk,Win_Rate
CID00193,0.055032782,Low Risk,Portfolio_Value
CID00327,0.05495331,Low Risk,Withdrawals
CID01383,0.05487893,Low Risk,Login_Drop_Percent
CID00119,0.054689102,Low Risk,Email_Open_Rate
CID01044,0.054608606,Low Risk,Email_Open_Rate
CID00909,0.054059234,Low Risk,Withdrawal_Ratio
CID01518,0.053851586,Low Risk,Win_Rate
CID01100,0.05376634,Low Risk,Withdrawal_Ratio
CID01301,0.053382266,Low Risk,Engagement_Score
CID00196,0.053273275,Low Risk,Withdrawals
CID00801,0.05317442,Low Risk,Withdrawal_Ratio
CID01054,0.052784394,Low Risk,Withdrawals
CID01803,0.052564796,Low Risk,Login_Drop_Percent
CID01739,0.052533127,Low Risk,Withdrawal_Ratio
CID01139,0.052409146,Low Risk,Withdrawal_Ratio
CID00036,0.05177224,Low Risk,Email_Open_Rate
CID01722,0.051728673,Low Risk,Deposits
CID01045,0.05171022,Low Risk,Win_Rate
CID00532,0.051703263,Low Risk,Engagement_Score
CID00830,0.051076554,Low Risk,Withdrawal_Ratio
CID01354,0.050962724,Low Risk,Withdrawals
CID00556,0.050882712,Low Risk,Email_Open_Rate
CID00316,0.05059054,Low Risk,Login_Drop_Percent
CID00918,0.050436858,Low Risk,Withdrawals
CID00923,0.050348297,Low Risk,Withdrawals
CID01400,0.05032254,Low Risk,Withdrawals
CID01560,0.05027947,Low Risk,Win_Rate
CID00774,0.050155673,Low Risk,Withdrawals
CID00132,0.050024174,Low Risk,Win_Rate
CID00647,0.04990385,Low Risk,Deposits
CID00092,0.04968757,Low Risk,Withdrawals
CID00917,0.048827764,Low Risk,Withdrawals
CID01536,0.048360705,Low Risk,Win_Rate
CID01600,0.048209175,Low Risk,Withdrawals
CID00905,0.04818446,Low Risk,Withdrawal_Ratio
CID00123,0.047982506,Low Risk,Login_Drop_Percent
CID00670,0.047900748,Low Risk,Withdrawals
CID01144,0.047635008,Low Risk,Email_Open_Rate
CID01086,0.047053568,Low Risk,Withdrawals
CID00623,0.046802063,Low Risk,Email_Open_Rate
CID00942,0.046505496,Low Risk,Deposits
CID00357,0.045892082,Low Risk,Withdrawals
CID01644,0.045714866,Low Risk,Account_Age
CID01529,0.045439173,Low Risk,Login_Drop_Percent
CID01910,0.045027606,Low Risk,Withdrawal_Ratio
CID01037,0.044143416,Low Risk,Withdrawals
CID00474,0.043152984,Low Risk,Withdrawals
CID01623,0.04262896,Low Risk,Deposits
CID01469,0.04223399,Low Risk,Engagement_Score
CID00644,0.04121061,Low Risk,Withdrawals
CID00827,0.04054528,Low Risk,Withdrawals
CID00783,0.04048667,Low Risk,Withdrawals
CID01105,0.040291976,Low Risk,Withdrawals
CID01512,0.04013975,Low Risk,Email_Open_Rate
CID00466,0.039497484,Low Risk,Login_Drop_Percent
CID01446,0.03931395,Low Risk,Withdrawals
CID01083,0.03921076,Low Risk,Withdrawals
CID00884,0.03911325,Low Risk,Login_Drop_Percent
CID00910,0.039087325,Low Risk,Withdrawals
CID01470,0.03899625,Low Risk,Deposits
CID01013,0.038937964,Low Risk,Withdrawals
CID00264,0.03783972,Low Risk,Withdrawals
CID01459,0.03735376,Low Risk,Withdrawals
CID01998,0.037005533,Low Risk,PnL_Percent
CID01541,0.036655944,Low Risk,Withdrawals
CID01842,0.036047652,Low Risk,Withdrawals
CID01589,0.036018606,Low Risk,Withdrawals
CID00174,0.032747127,Low Risk,Withdrawals
CID00519,0.03241984,Low Risk,Login_Drop_Percent
CID00389,0.03198196,Low Risk,Withdrawals
CID01788,0.03144073,Low Risk,Withdrawals
CID00844,0.031388648,Low Risk,Withdrawals
CID01778,0.031384993,Low Risk,Engagement_Score
CID01007,0.030103073,Low Risk,Withdrawals
CID00475,0.029504195,Low Risk,Withdrawal_Ratio
CID00423,0.028955918,Low Risk,Withdrawals
CID00337,0.028617151,Low Risk,Withdrawals
CID01804,0.0269147,Low Risk,Withdrawals
CID01734,0.02410387,Low Risk,Withdrawals
CID00058,0.022283213,Low Risk,Withdrawals
